product_id,date,selected_model,forecast_quantity,selection_source
P0016,2023-09-24,Holt-Winters,4948.5,agent_recommendation_pending_human_review
P0016,2023-10-01,Holt-Winters,4926.2,agent_recommendation_pending_human_review
P0016,2023-10-08,Holt-Winters,4914.7,agent_recommendation_pending_human_review
P0016,2023-10-15,Holt-Winters,4899.4,agent_recommendation_pending_human_review
P0016,2023-10-22,Holt-Winters,4897.0,agent_recommendation_pending_human_review
P0016,2023-10-29,Holt-Winters,4898.6,agent_recommendation_pending_human_review
P0016,2023-11-05,Holt-Winters,4900.7,agent_recommendation_pending_human_review
P0016,2023-11-12,Holt-Winters,4917.4,agent_recommendation_pending_human_review
P0016,2023-11-19,Holt-Winters,4914.7,agent_recommendation_pending_human_review
P0016,2023-11-26,Holt-Winters,4913.1,agent_recommendation_pending_human_review
P0016,2023-12-03,Holt-Winters,4921.7,agent_recommendation_pending_human_review
P0016,2023-12-10,Holt-Winters,4918.9,agent_recommendation_pending_human_review
P0016,2023-12-17,Holt-Winters,4922.1,agent_recommendation_pending_human_review
P0016,2023-12-24,Holt-Winters,4934.2,agent_recommendation_pending_human_review
P0016,2023-12-31,Holt-Winters,4934.0,agent_recommendation_pending_human_review
P0016,2024-01-07,Holt-Winters,4929.0,agent_recommendation_pending_human_review
P0020,2023-09-24,XGBoost,4974.9,agent_recommendation_pending_human_review
P0020,2023-10-01,XGBoost,4985.7,agent_recommendation_pending_human_review
P0020,2023-10-08,XGBoost,5067.2,agent_recommendation_pending_human_review
P0020,2023-10-15,XGBoost,5195.2,agent_recommendation_pending_human_review
P0020,2023-10-22,XGBoost,4950.5,agent_recommendation_pending_human_review
P0020,2023-10-29,XGBoost,4734.4,agent_recommendation_pending_human_review
P0020,2023-11-05,XGBoost,4787.8,agent_recommendation_pending_human_review
P0020,2023-11-12,XGBoost,4927.0,agent_recommendation_pending_human_review
P0020,2023-11-19,XGBoost,4941.7,agent_recommendation_pending_human_review
P0020,2023-11-26,XGBoost,4900.0,agent_recommendation_pending_human_review
P0020,2023-12-03,XGBoost,4452.9,agent_recommendation_pending_human_review
P0020,2023-12-10,XGBoost,4889.6,agent_recommendation_pending_human_review
P0020,2023-12-17,XGBoost,4819.4,agent_recommendation_pending_human_review
P0020,2023-12-24,XGBoost,4717.3,agent_recommendation_pending_human_review
P0020,2023-12-31,XGBoost,4733.6,agent_recommendation_pending_human_review
P0020,2024-01-07,XGBoost,5123.6,agent_recommendation_pending_human_review
P0014,2023-09-24,XGBoost,4836.9,agent_recommendation_pending_human_review
P0014,2023-10-01,XGBoost,5028.1,agent_recommendation_pending_human_review
P0014,2023-10-08,XGBoost,4991.4,agent_recommendation_pending_human_review
P0014,2023-10-15,XGBoost,5133.3,agent_recommendation_pending_human_review
P0014,2023-10-22,XGBoost,5097.2,agent_recommendation_pending_human_review
P0014,2023-10-29,XGBoost,4960.6,agent_recommendation_pending_human_review
P0014,2023-11-05,XGBoost,5150.9,agent_recommendation_pending_human_review
P0014,2023-11-12,XGBoost,4797.6,agent_recommendation_pending_human_review
P0014,2023-11-19,XGBoost,4886.6,agent_recommendation_pending_human_review
P0014,2023-11-26,XGBoost,4998.5,agent_recommendation_pending_human_review
P0014,2023-12-03,XGBoost,4922.7,agent_recommendation_pending_human_review
P0014,2023-12-10,XGBoost,4809.2,agent_recommendation_pending_human_review
P0014,2023-12-17,XGBoost,4832.2,agent_recommendation_pending_human_review
P0014,2023-12-24,XGBoost,4951.3,agent_recommendation_pending_human_review
P0014,2023-12-31,XGBoost,5006.4,agent_recommendation_pending_human_review
P0014,2024-01-07,XGBoost,4871.8,agent_recommendation_pending_human_review
