date,product_id,split,actual,moving_average,holt_winters,xgboost
2023-06-04,P0014,validation,3943,4432.2,4814.4,4765.6
2023-06-11,P0014,validation,4591,4238.5,4802.8,5191.4
2023-06-18,P0014,validation,4588,4425.2,4800.0,4508.3
2023-06-25,P0014,validation,5793,4344.5,4797.2,5171.7
2023-07-02,P0014,validation,3976,4728.8,4810.0,5468.8
2023-07-09,P0014,validation,5886,4737.0,4799.4,4716.8
2023-07-16,P0014,validation,5347,5060.8,4813.0,4620.5
2023-07-23,P0014,validation,4422,5250.5,4819.6,4646.9
2023-07-30,P0014,validation,4636,4907.8,4814.8,4888.8
2023-08-06,P0014,validation,4483,5072.8,4812.6,5133.1
2023-08-13,P0014,validation,4273,4722.0,4808.7,4865.3
2023-08-20,P0014,validation,5584,4453.5,4802.4,4809.8
2023-08-27,P0014,validation,4865,4744.0,4811.5,4868.3
2023-09-03,P0014,validation,5137,4801.2,4812.1,4902.1
2023-09-10,P0014,validation,4600,4964.8,4815.8,5295.7
2023-09-17,P0014,validation,5421,5046.5,4813.4,5159.9
2023-09-24,P0014,test,4223,5005.8,4820.1,4836.9
2023-10-01,P0014,test,4741,4845.2,4813.5,5028.1
2023-10-08,P0014,test,5025,4746.2,4812.8,4991.4
2023-10-15,P0014,test,4949,4852.5,4815.1,5133.3
2023-10-22,P0014,test,5621,4734.5,4816.5,5097.2
2023-10-29,P0014,test,4586,5084.0,4824.9,4960.6
2023-11-05,P0014,test,5867,5045.2,4822.4,5150.9
2023-11-12,P0014,test,4486,5255.8,4833.2,4797.6
2023-11-19,P0014,test,4774,5140.0,4829.7,4886.6
2023-11-26,P0014,test,4542,4928.2,4829.1,4998.5
2023-12-03,P0014,test,4339,4917.2,4826.2,4922.7
2023-12-10,P0014,test,4556,4535.2,4821.4,4809.2
2023-12-17,P0014,test,5166,4552.8,4818.8,4832.2
2023-12-24,P0014,test,5453,4650.8,4822.2,4951.3
2023-12-31,P0014,test,4492,4878.5,4828.2,5006.4
2024-01-07,P0014,test,992,4916.8,4825.0,4871.8
2023-06-04,P0016,validation,3993,4894.8,4946.9,4989.6
2023-06-11,P0016,validation,5013,4557.5,4929.5,4757.5
2023-06-18,P0016,validation,4951,4653.2,4931.0,4645.4
2023-06-25,P0016,validation,4525,4720.5,4931.3,4918.8
2023-07-02,P0016,validation,4910,4620.5,4924.3,5324.9
2023-07-09,P0016,validation,5031,4849.8,4924.1,4876.1
2023-07-16,P0016,validation,5736,4854.2,4925.9,5022.3
2023-07-23,P0016,validation,4407,5050.5,4939.4,5049.2
2023-07-30,P0016,validation,4393,5021.0,4930.6,4771.4
2023-08-06,P0016,validation,5779,4891.8,4922.1,4594.4
2023-08-13,P0016,validation,4476,5078.8,4935.5,4782.4
2023-08-20,P0016,validation,5025,4763.8,4928.4,4817.4
2023-08-27,P0016,validation,5393,4918.2,4929.9,5065.1
2023-09-03,P0016,validation,4191,5168.2,4936.8,4808.2
2023-09-10,P0016,validation,5131,4771.2,4925.8,4819.1
2023-09-17,P0016,validation,6327,4935.0,4928.8,4601.8
2023-09-24,P0016,test,3362,5260.5,4948.5,4874.4
2023-10-01,P0016,test,4085,4752.8,4926.2,4940.0
2023-10-08,P0016,test,3774,4726.2,4914.7,5049.8
2023-10-15,P0016,test,4718,4387.0,4899.4,5095.8
2023-10-22,P0016,test,5022,3984.8,4897.0,4734.1
2023-10-29,P0016,test,5069,4399.8,4898.6,5353.2
2023-11-05,P0016,test,6196,4645.8,4900.7,5403.7
2023-11-12,P0016,test,4716,5251.2,4917.4,4840.6
2023-11-19,P0016,test,4784,5250.8,4914.7,5160.8
2023-11-26,P0016,test,5598,5191.2,4913.1,5142.5
2023-12-03,P0016,test,4705,5323.5,4921.7,4852.9
2023-12-10,P0016,test,5179,4950.8,4918.9,5080.1
2023-12-17,P0016,test,5924,5066.5,4922.1,4438.5
2023-12-24,P0016,test,4927,5351.5,4934.2,4550.1
2023-12-31,P0016,test,4511,5183.8,4934.0,4730.5
2024-01-07,P0016,test,463,5135.2,4929.0,5259.2
2023-06-04,P0020,validation,4716,4513.8,4832.9,4628.8
2023-06-11,P0020,validation,3820,4415.5,4831.4,4503.3
2023-06-18,P0020,validation,4713,4154.0,4818.1,5095.6
2023-06-25,P0020,validation,5436,4318.2,4816.7,5108.8
2023-07-02,P0020,validation,4984,4671.2,4824.6,4779.4
2023-07-09,P0020,validation,4912,4738.2,4826.6,5140.5
2023-07-16,P0020,validation,5513,5011.2,4827.7,5015.7
2023-07-23,P0020,validation,5492,5211.2,4836.2,4859.7
2023-07-30,P0020,validation,4329,5225.2,4844.2,4826.9
2023-08-06,P0020,validation,4402,5061.5,4838.0,4942.3
2023-08-13,P0020,validation,4406,4934.0,4832.8,4853.0
2023-08-20,P0020,validation,4277,4657.2,4827.7,4797.1
2023-08-27,P0020,validation,4114,4353.5,4821.3,5062.9
2023-09-03,P0020,validation,4329,4299.8,4813.2,4834.7
2023-09-10,P0020,validation,3814,4281.5,4807.7,4800.4
2023-09-17,P0020,validation,5244,4133.5,4796.6,4992.0
2023-09-24,P0020,test,4846,4375.2,4801.5,4974.9
2023-10-01,P0020,test,5460,4558.2,4802.0,4985.7
2023-10-08,P0020,test,4911,4841.0,4809.2,5067.2
2023-10-15,P0020,test,4255,5115.2,4810.3,5195.2
2023-10-22,P0020,test,5300,4868.0,4804.4,4950.5
2023-10-29,P0020,test,4436,4981.5,4809.6,4734.4
2023-11-05,P0020,test,4380,4725.5,4805.7,4787.8
2023-11-12,P0020,test,5535,4592.8,4801.3,4927.0
2023-11-19,P0020,test,6085,4912.8,4808.8,4941.7
2023-11-26,P0020,test,5234,5109.0,4821.7,4900.0
2023-12-03,P0020,test,4159,5308.5,4825.8,4452.9
2023-12-10,P0020,test,4727,5253.2,4819.2,4889.6
2023-12-17,P0020,test,6085,5051.2,4818.3,4819.4
2023-12-24,P0020,test,4830,5051.2,4830.6,4717.3
2023-12-31,P0020,test,4525,4950.2,4830.6,4733.6
2024-01-07,P0020,test,803,5041.8,4827.7,5123.6
