product_id,model,split,n_weeks,mae,wape,bias,bias_pct
P0016,Moving Average,validation,16,589.344,11.894,-95.75,-1.932
P0016,Holt-Winters,validation,16,480.65,9.7,-24.418,-0.493
P0016,XGBoost,validation,16,558.523,11.272,-89.84,-1.813
P0016,Moving Average,test,16,999.297,21.893,364.266,7.98
P0016,Holt-Winters,test,16,795.785,17.434,353.579,7.746
P0016,XGBoost,test,16,841.705,18.44,404.572,8.863
P0016,Moving Average,test_clean,15,754.433,15.594,77.067,1.593
P0016,Holt-Winters,test_clean,15,551.101,11.391,79.414,1.641
P0016,XGBoost,test_clean,15,578.071,11.949,111.797,2.311
P0020,Moving Average,validation,16,503.391,10.811,-32.578,-0.7
P0020,Holt-Winters,validation,16,499.992,10.738,168.417,3.617
P0020,XGBoost,validation,16,483.818,10.391,233.752,5.02
P0020,Moving Average,test,16,841.25,17.811,197.781,4.187
P0020,Holt-Winters,test,16,714.577,15.129,90.96,1.926
P0020,XGBoost,test,16,700.297,14.827,164.358,3.48
P0020,Moving Average,test_clean,15,614.75,12.333,-71.617,-1.437
P0020,Holt-Winters,test_clean,15,493.904,9.909,-171.287,-3.436
P0020,XGBoost,test_clean,15,458.946,9.207,-112.722,-2.261
P0014,Moving Average,validation,16,569.156,11.744,-100.938,-2.083
P0014,Holt-Winters,validation,16,510.662,10.537,-37.335,-0.77
P0014,XGBoost,validation,16,575.122,11.867,91.75,1.893
P0014,Moving Average,test,16,707.266,15.331,267.297,5.794
P0014,Holt-Winters,test,16,605.864,13.133,209.204,4.535
P0014,XGBoost,test,16,605.046,13.115,341.431,7.401
P0014,Moving Average,test_clean,15,492.767,10.15,23.467,0.483
P0014,Holt-Winters,test_clean,15,390.718,8.048,-32.385,-0.667
P0014,XGBoost,test_clean,15,386.73,7.966,105.54,2.174
ALL,Moving Average,validation,48,553.964,11.495,-76.422,-1.586
ALL,Holt-Winters,validation,48,497.101,10.315,35.555,0.738
ALL,XGBoost,validation,48,539.154,11.187,78.554,1.63
ALL,Moving Average,test,48,849.271,18.328,276.448,5.966
ALL,Holt-Winters,test,48,705.409,15.224,217.914,4.703
ALL,XGBoost,test,48,715.683,15.445,303.454,6.549
ALL,Moving Average,test_clean,45,620.65,12.686,9.639,0.197
ALL,Holt-Winters,test_clean,45,478.575,9.782,-41.419,-0.847
ALL,XGBoost,test_clean,45,474.583,9.7,34.872,0.713
