date,product_id,quantity_sold,promotion_flag,split
2022-01-02,P0001,1353,0,train
2022-01-09,P0001,4606,0,train
2022-01-16,P0001,3557,0,train
2022-01-23,P0001,4920,0,train
2022-01-30,P0001,5003,0,train
2022-02-06,P0001,5253,0,train
2022-02-13,P0001,4142,0,train
2022-02-20,P0001,4797,0,train
2022-02-27,P0001,4225,0,train
2022-03-06,P0001,5500,0,train
2022-03-13,P0001,4869,0,train
2022-03-20,P0001,3509,0,train
2022-03-27,P0001,4652,0,train
2022-04-03,P0001,3812,0,train
2022-04-10,P0001,4578,0,train
2022-04-17,P0001,5634,0,train
2022-04-24,P0001,3361,0,train
2022-05-01,P0001,4817,0,train
2022-05-08,P0001,3606,0,train
2022-05-15,P0001,4181,0,train
2022-05-22,P0001,6012,0,train
2022-05-29,P0001,4575,0,train
2022-06-05,P0001,4845,0,train
2022-06-12,P0001,5671,0,train
2022-06-19,P0001,4552,0,train
2022-06-26,P0001,5968,0,train
2022-07-03,P0001,3906,0,train
2022-07-10,P0001,3612,0,train
2022-07-17,P0001,5226,0,train
2022-07-24,P0001,4852,0,train
2022-07-31,P0001,4994,0,train
2022-08-07,P0001,4337,0,train
2022-08-14,P0001,5082,0,train
2022-08-21,P0001,5458,0,train
2022-08-28,P0001,4223,0,train
2022-09-04,P0001,4836,0,train
2022-09-11,P0001,5767,0,train
2022-09-18,P0001,5892,0,train
2022-09-25,P0001,5318,0,train
2022-10-02,P0001,6660,0,train
2022-10-09,P0001,3846,0,train
2022-10-16,P0001,5632,0,train
2022-10-23,P0001,4562,0,train
2022-10-30,P0001,4605,0,train
2022-11-06,P0001,4781,0,train
2022-11-13,P0001,3887,0,train
2022-11-20,P0001,5578,0,train
2022-11-27,P0001,5039,0,train
2022-12-04,P0001,5800,0,train
2022-12-11,P0001,5997,0,train
2022-12-18,P0001,6395,0,train
2022-12-25,P0001,4060,0,train
2023-01-01,P0001,4150,0,train
2023-01-08,P0001,4207,0,train
2023-01-15,P0001,3930,0,train
2023-01-22,P0001,3948,0,train
2023-01-29,P0001,4969,0,train
2023-02-05,P0001,4663,0,train
2023-02-12,P0001,5155,0,train
2023-02-19,P0001,5301,0,train
2023-02-26,P0001,4169,0,train
2023-03-05,P0001,5230,0,train
2023-03-12,P0001,4498,0,train
2023-03-19,P0001,3507,0,train
2023-03-26,P0001,5134,0,train
2023-04-02,P0001,5299,0,train
2023-04-09,P0001,4304,0,train
2023-04-16,P0001,4208,0,train
2023-04-23,P0001,4541,0,train
2023-04-30,P0001,5607,0,train
2023-05-07,P0001,4505,0,train
2023-05-14,P0001,4395,0,train
2023-05-21,P0001,4868,0,train
2023-05-28,P0001,4380,0,train
2023-06-04,P0001,3926,0,validation
2023-06-11,P0001,3838,0,validation
2023-06-18,P0001,5919,0,validation
2023-06-25,P0001,4219,0,validation
2023-07-02,P0001,4441,0,validation
2023-07-09,P0001,3529,0,validation
2023-07-16,P0001,5873,0,validation
2023-07-23,P0001,5435,0,validation
2023-07-30,P0001,5886,0,validation
2023-08-06,P0001,4777,0,validation
2023-08-13,P0001,4521,0,validation
2023-08-20,P0001,4225,0,validation
2023-08-27,P0001,5256,0,validation
2023-09-03,P0001,4180,0,validation
2023-09-10,P0001,5014,0,validation
2023-09-17,P0001,5902,0,validation
2023-09-24,P0001,5557,0,test
2023-10-01,P0001,4692,0,test
2023-10-08,P0001,4234,0,test
2023-10-15,P0001,4512,0,test
2023-10-22,P0001,5976,0,test
2023-10-29,P0001,3840,0,test
2023-11-05,P0001,5629,0,test
2023-11-12,P0001,4195,0,test
2023-11-19,P0001,5173,0,test
2023-11-26,P0001,4730,0,test
2023-12-03,P0001,4992,0,test
2023-12-10,P0001,4004,0,test
2023-12-17,P0001,4484,0,test
2023-12-24,P0001,4677,0,test
2023-12-31,P0001,4245,0,test
2024-01-07,P0001,869,0,test
2022-01-02,P0002,1069,0,train
2022-01-09,P0002,4121,0,train
2022-01-16,P0002,5137,0,train
2022-01-23,P0002,4990,0,train
2022-01-30,P0002,3935,0,train
2022-02-06,P0002,4843,0,train
2022-02-13,P0002,4814,0,train
2022-02-20,P0002,4998,0,train
2022-02-27,P0002,5756,0,train
2022-03-06,P0002,4522,0,train
2022-03-13,P0002,5634,0,train
2022-03-20,P0002,5521,0,train
2022-03-27,P0002,6101,0,train
2022-04-03,P0002,4571,0,train
2022-04-10,P0002,4878,0,train
2022-04-17,P0002,3647,0,train
2022-04-24,P0002,4814,0,train
2022-05-01,P0002,4569,0,train
2022-05-08,P0002,4525,0,train
2022-05-15,P0002,3548,0,train
2022-05-22,P0002,5288,0,train
2022-05-29,P0002,3748,0,train
2022-06-05,P0002,5288,0,train
2022-06-12,P0002,4764,0,train
2022-06-19,P0002,5172,0,train
2022-06-26,P0002,5162,0,train
2022-07-03,P0002,5053,0,train
2022-07-10,P0002,4699,0,train
2022-07-17,P0002,5074,0,train
2022-07-24,P0002,5025,0,train
2022-07-31,P0002,4314,0,train
2022-08-07,P0002,4740,0,train
2022-08-14,P0002,5338,0,train
2022-08-21,P0002,4678,0,train
2022-08-28,P0002,4508,0,train
2022-09-04,P0002,3701,0,train
2022-09-11,P0002,3996,0,train
2022-09-18,P0002,4545,0,train
2022-09-25,P0002,3942,0,train
2022-10-02,P0002,4848,0,train
2022-10-09,P0002,4563,0,train
2022-10-16,P0002,4894,0,train
2022-10-23,P0002,4143,0,train
2022-10-30,P0002,4839,0,train
2022-11-06,P0002,4353,0,train
2022-11-13,P0002,5723,0,train
2022-11-20,P0002,4158,0,train
2022-11-27,P0002,4772,0,train
2022-12-04,P0002,3957,0,train
2022-12-11,P0002,4281,0,train
2022-12-18,P0002,5110,0,train
2022-12-25,P0002,4893,0,train
2023-01-01,P0002,4931,0,train
2023-01-08,P0002,4408,0,train
2023-01-15,P0002,3958,0,train
2023-01-22,P0002,5746,0,train
2023-01-29,P0002,4639,0,train
2023-02-05,P0002,4837,0,train
2023-02-12,P0002,5283,0,train
2023-02-19,P0002,4403,0,train
2023-02-26,P0002,4717,0,train
2023-03-05,P0002,4778,0,train
2023-03-12,P0002,3836,0,train
2023-03-19,P0002,5133,0,train
2023-03-26,P0002,3749,0,train
2023-04-02,P0002,5598,0,train
2023-04-09,P0002,4134,0,train
2023-04-16,P0002,5694,0,train
2023-04-23,P0002,3879,0,train
2023-04-30,P0002,3783,0,train
2023-05-07,P0002,4610,0,train
2023-05-14,P0002,4861,0,train
2023-05-21,P0002,4046,0,train
2023-05-28,P0002,4958,0,train
2023-06-04,P0002,5377,0,validation
2023-06-11,P0002,4602,0,validation
2023-06-18,P0002,6248,0,validation
2023-06-25,P0002,4848,0,validation
2023-07-02,P0002,4614,0,validation
2023-07-09,P0002,5808,0,validation
2023-07-16,P0002,5158,0,validation
2023-07-23,P0002,3628,0,validation
2023-07-30,P0002,5382,0,validation
2023-08-06,P0002,4766,0,validation
2023-08-13,P0002,4920,0,validation
2023-08-20,P0002,4893,0,validation
2023-08-27,P0002,4093,0,validation
2023-09-03,P0002,3655,0,validation
2023-09-10,P0002,3972,0,validation
2023-09-17,P0002,4228,0,validation
2023-09-24,P0002,4384,0,test
2023-10-01,P0002,4115,0,test
2023-10-08,P0002,3944,0,test
2023-10-15,P0002,4779,0,test
2023-10-22,P0002,4142,0,test
2023-10-29,P0002,3968,0,test
2023-11-05,P0002,3272,0,test
2023-11-12,P0002,5297,0,test
2023-11-19,P0002,4578,0,test
2023-11-26,P0002,4738,0,test
2023-12-03,P0002,4270,0,test
2023-12-10,P0002,4127,0,test
2023-12-17,P0002,4838,0,test
2023-12-24,P0002,5275,0,test
2023-12-31,P0002,5734,0,test
2024-01-07,P0002,631,0,test
2022-01-02,P0003,1782,0,train
2022-01-09,P0003,4177,0,train
2022-01-16,P0003,3770,0,train
2022-01-23,P0003,4642,0,train
2022-01-30,P0003,4853,0,train
2022-02-06,P0003,4614,0,train
2022-02-13,P0003,5143,0,train
2022-02-20,P0003,5489,0,train
2022-02-27,P0003,4330,0,train
2022-03-06,P0003,5264,0,train
2022-03-13,P0003,4564,0,train
2022-03-20,P0003,3918,0,train
2022-03-27,P0003,5500,0,train
2022-04-03,P0003,4887,0,train
2022-04-10,P0003,3923,0,train
2022-04-17,P0003,5697,0,train
2022-04-24,P0003,5026,0,train
2022-05-01,P0003,4512,0,train
2022-05-08,P0003,4995,0,train
2022-05-15,P0003,4635,0,train
2022-05-22,P0003,4242,0,train
2022-05-29,P0003,5191,0,train
2022-06-05,P0003,4163,0,train
2022-06-12,P0003,3429,0,train
2022-06-19,P0003,5217,0,train
2022-06-26,P0003,4889,0,train
2022-07-03,P0003,4699,0,train
2022-07-10,P0003,5061,0,train
2022-07-17,P0003,5029,0,train
2022-07-24,P0003,4920,0,train
2022-07-31,P0003,4697,0,train
2022-08-07,P0003,5928,0,train
2022-08-14,P0003,4626,0,train
2022-08-21,P0003,4321,0,train
2022-08-28,P0003,6338,0,train
2022-09-04,P0003,5431,0,train
2022-09-11,P0003,4271,0,train
2022-09-18,P0003,4084,0,train
2022-09-25,P0003,4705,0,train
2022-10-02,P0003,3147,0,train
2022-10-09,P0003,5241,0,train
2022-10-16,P0003,3914,0,train
2022-10-23,P0003,3771,0,train
2022-10-30,P0003,4953,0,train
2022-11-06,P0003,4700,0,train
2022-11-13,P0003,4740,0,train
2022-11-20,P0003,4222,0,train
2022-11-27,P0003,4745,0,train
2022-12-04,P0003,4001,0,train
2022-12-11,P0003,4846,0,train
2022-12-18,P0003,5077,0,train
2022-12-25,P0003,4508,0,train
2023-01-01,P0003,4379,0,train
2023-01-08,P0003,4244,0,train
2023-01-15,P0003,5291,0,train
2023-01-22,P0003,4097,0,train
2023-01-29,P0003,4786,0,train
2023-02-05,P0003,4638,0,train
2023-02-12,P0003,5473,0,train
2023-02-19,P0003,3823,0,train
2023-02-26,P0003,4886,0,train
2023-03-05,P0003,5947,0,train
2023-03-12,P0003,5194,0,train
2023-03-19,P0003,4978,0,train
2023-03-26,P0003,4754,0,train
2023-04-02,P0003,3982,0,train
2023-04-09,P0003,4207,0,train
2023-04-16,P0003,4464,0,train
2023-04-23,P0003,5604,0,train
2023-04-30,P0003,4378,0,train
2023-05-07,P0003,4666,0,train
2023-05-14,P0003,4395,0,train
2023-05-21,P0003,5225,0,train
2023-05-28,P0003,4247,0,train
2023-06-04,P0003,6143,0,validation
2023-06-11,P0003,4234,0,validation
2023-06-18,P0003,3635,0,validation
2023-06-25,P0003,4136,0,validation
2023-07-02,P0003,6119,0,validation
2023-07-09,P0003,5000,0,validation
2023-07-16,P0003,6518,0,validation
2023-07-23,P0003,4248,0,validation
2023-07-30,P0003,4950,0,validation
2023-08-06,P0003,3793,0,validation
2023-08-13,P0003,5163,0,validation
2023-08-20,P0003,4579,0,validation
2023-08-27,P0003,4002,0,validation
2023-09-03,P0003,4647,0,validation
2023-09-10,P0003,5250,0,validation
2023-09-17,P0003,4824,0,validation
2023-09-24,P0003,4935,0,test
2023-10-01,P0003,5380,0,test
2023-10-08,P0003,4806,0,test
2023-10-15,P0003,5245,0,test
2023-10-22,P0003,3953,0,test
2023-10-29,P0003,5008,0,test
2023-11-05,P0003,4144,0,test
2023-11-12,P0003,4071,0,test
2023-11-19,P0003,4330,0,test
2023-11-26,P0003,4993,0,test
2023-12-03,P0003,5780,0,test
2023-12-10,P0003,4687,0,test
2023-12-17,P0003,4240,0,test
2023-12-24,P0003,4443,0,test
2023-12-31,P0003,5208,0,test
2024-01-07,P0003,330,0,test
2022-01-02,P0004,978,0,train
2022-01-09,P0004,4842,0,train
2022-01-16,P0004,4518,0,train
2022-01-23,P0004,5790,0,train
2022-01-30,P0004,5261,0,train
2022-02-06,P0004,5278,0,train
2022-02-13,P0004,5190,0,train
2022-02-20,P0004,5704,0,train
2022-02-27,P0004,5047,0,train
2022-03-06,P0004,4174,0,train
2022-03-13,P0004,5651,0,train
2022-03-20,P0004,4201,0,train
2022-03-27,P0004,5282,0,train
2022-04-03,P0004,4799,0,train
2022-04-10,P0004,4897,0,train
2022-04-17,P0004,4471,0,train
2022-04-24,P0004,4230,0,train
2022-05-01,P0004,5582,0,train
2022-05-08,P0004,4682,0,train
2022-05-15,P0004,3899,0,train
2022-05-22,P0004,4693,0,train
2022-05-29,P0004,3507,0,train
2022-06-05,P0004,4528,0,train
2022-06-12,P0004,4696,0,train
2022-06-19,P0004,4790,0,train
2022-06-26,P0004,4207,0,train
2022-07-03,P0004,4379,0,train
2022-07-10,P0004,4685,0,train
2022-07-17,P0004,4872,0,train
2022-07-24,P0004,3974,0,train
2022-07-31,P0004,4340,0,train
2022-08-07,P0004,5633,0,train
2022-08-14,P0004,5005,0,train
2022-08-21,P0004,4312,0,train
2022-08-28,P0004,4814,0,train
2022-09-04,P0004,4292,0,train
2022-09-11,P0004,4904,0,train
2022-09-18,P0004,5128,0,train
2022-09-25,P0004,3846,0,train
2022-10-02,P0004,4702,0,train
2022-10-09,P0004,4283,0,train
2022-10-16,P0004,5896,0,train
2022-10-23,P0004,5147,0,train
2022-10-30,P0004,4572,0,train
2022-11-06,P0004,4671,0,train
2022-11-13,P0004,4165,0,train
2022-11-20,P0004,5639,0,train
2022-11-27,P0004,4583,0,train
2022-12-04,P0004,6420,0,train
2022-12-11,P0004,3550,0,train
2022-12-18,P0004,4861,0,train
2022-12-25,P0004,4990,0,train
2023-01-01,P0004,4794,0,train
2023-01-08,P0004,4623,0,train
2023-01-15,P0004,5002,0,train
2023-01-22,P0004,4585,0,train
2023-01-29,P0004,4819,0,train
2023-02-05,P0004,4455,0,train
2023-02-12,P0004,4935,0,train
2023-02-19,P0004,5887,0,train
2023-02-26,P0004,5297,0,train
2023-03-05,P0004,4886,0,train
2023-03-12,P0004,5543,0,train
2023-03-19,P0004,4426,0,train
2023-03-26,P0004,4317,0,train
2023-04-02,P0004,5167,0,train
2023-04-09,P0004,4788,0,train
2023-04-16,P0004,3785,0,train
2023-04-23,P0004,4302,0,train
2023-04-30,P0004,5299,0,train
2023-05-07,P0004,5200,0,train
2023-05-14,P0004,4365,0,train
2023-05-21,P0004,5619,0,train
2023-05-28,P0004,4800,0,train
2023-06-04,P0004,4596,0,validation
2023-06-11,P0004,5160,0,validation
2023-06-18,P0004,4636,0,validation
2023-06-25,P0004,5653,0,validation
2023-07-02,P0004,4833,0,validation
2023-07-09,P0004,4495,0,validation
2023-07-16,P0004,4050,0,validation
2023-07-23,P0004,5598,0,validation
2023-07-30,P0004,4456,0,validation
2023-08-06,P0004,4479,0,validation
2023-08-13,P0004,4197,0,validation
2023-08-20,P0004,3886,0,validation
2023-08-27,P0004,3548,0,validation
2023-09-03,P0004,4146,0,validation
2023-09-10,P0004,5109,0,validation
2023-09-17,P0004,4975,0,validation
2023-09-24,P0004,5072,0,test
2023-10-01,P0004,4202,0,test
2023-10-08,P0004,3595,0,test
2023-10-15,P0004,3856,0,test
2023-10-22,P0004,5237,0,test
2023-10-29,P0004,5392,0,test
2023-11-05,P0004,3938,0,test
2023-11-12,P0004,4171,0,test
2023-11-19,P0004,6198,0,test
2023-11-26,P0004,5077,0,test
2023-12-03,P0004,4235,0,test
2023-12-10,P0004,5118,0,test
2023-12-17,P0004,4153,0,test
2023-12-24,P0004,4835,0,test
2023-12-31,P0004,4796,0,test
2024-01-07,P0004,355,0,test
2022-01-02,P0005,1431,0,train
2022-01-09,P0005,5382,0,train
2022-01-16,P0005,4374,0,train
2022-01-23,P0005,5270,0,train
2022-01-30,P0005,4479,0,train
2022-02-06,P0005,5488,0,train
2022-02-13,P0005,4066,0,train
2022-02-20,P0005,4642,0,train
2022-02-27,P0005,4194,0,train
2022-03-06,P0005,4384,0,train
2022-03-13,P0005,4820,0,train
2022-03-20,P0005,4311,0,train
2022-03-27,P0005,4572,0,train
2022-04-03,P0005,5411,0,train
2022-04-10,P0005,5176,0,train
2022-04-17,P0005,4412,0,train
2022-04-24,P0005,4245,0,train
2022-05-01,P0005,5438,0,train
2022-05-08,P0005,4942,0,train
2022-05-15,P0005,4191,0,train
2022-05-22,P0005,4376,0,train
2022-05-29,P0005,5393,0,train
2022-06-05,P0005,4955,0,train
2022-06-12,P0005,6168,0,train
2022-06-19,P0005,4767,0,train
2022-06-26,P0005,5718,0,train
2022-07-03,P0005,4805,0,train
2022-07-10,P0005,4910,0,train
2022-07-17,P0005,5387,0,train
2022-07-24,P0005,4270,0,train
2022-07-31,P0005,4978,0,train
2022-08-07,P0005,5683,0,train
2022-08-14,P0005,5540,0,train
2022-08-21,P0005,3916,0,train
2022-08-28,P0005,5288,0,train
2022-09-04,P0005,4735,0,train
2022-09-11,P0005,5187,0,train
2022-09-18,P0005,5361,0,train
2022-09-25,P0005,4848,0,train
2022-10-02,P0005,5256,0,train
2022-10-09,P0005,4081,0,train
2022-10-16,P0005,4707,0,train
2022-10-23,P0005,4619,0,train
2022-10-30,P0005,4661,0,train
2022-11-06,P0005,4397,0,train
2022-11-13,P0005,5034,0,train
2022-11-20,P0005,5197,0,train
2022-11-27,P0005,6352,0,train
2022-12-04,P0005,5585,0,train
2022-12-11,P0005,3901,0,train
2022-12-18,P0005,5228,0,train
2022-12-25,P0005,5090,0,train
2023-01-01,P0005,5895,0,train
2023-01-08,P0005,4751,0,train
2023-01-15,P0005,5344,0,train
2023-01-22,P0005,5447,0,train
2023-01-29,P0005,4520,0,train
2023-02-05,P0005,4084,0,train
2023-02-12,P0005,4501,0,train
2023-02-19,P0005,5801,0,train
2023-02-26,P0005,3879,0,train
2023-03-05,P0005,4166,0,train
2023-03-12,P0005,3789,0,train
2023-03-19,P0005,5384,0,train
2023-03-26,P0005,4821,0,train
2023-04-02,P0005,4444,0,train
2023-04-09,P0005,4510,0,train
2023-04-16,P0005,4893,0,train
2023-04-23,P0005,4648,0,train
2023-04-30,P0005,5207,0,train
2023-05-07,P0005,5452,0,train
2023-05-14,P0005,4736,0,train
2023-05-21,P0005,4082,0,train
2023-05-28,P0005,5087,0,train
2023-06-04,P0005,4380,0,validation
2023-06-11,P0005,4892,0,validation
2023-06-18,P0005,5145,0,validation
2023-06-25,P0005,5415,0,validation
2023-07-02,P0005,4710,0,validation
2023-07-09,P0005,3854,0,validation
2023-07-16,P0005,5355,0,validation
2023-07-23,P0005,4353,0,validation
2023-07-30,P0005,5194,0,validation
2023-08-06,P0005,5013,0,validation
2023-08-13,P0005,5311,0,validation
2023-08-20,P0005,3918,0,validation
2023-08-27,P0005,4554,0,validation
2023-09-03,P0005,4134,0,validation
2023-09-10,P0005,4562,0,validation
2023-09-17,P0005,4090,0,validation
2023-09-24,P0005,4586,0,test
2023-10-01,P0005,4476,0,test
2023-10-08,P0005,4610,0,test
2023-10-15,P0005,4373,0,test
2023-10-22,P0005,5376,0,test
2023-10-29,P0005,5361,0,test
2023-11-05,P0005,5160,0,test
2023-11-12,P0005,3982,0,test
2023-11-19,P0005,4067,0,test
2023-11-26,P0005,4532,0,test
2023-12-03,P0005,4889,0,test
2023-12-10,P0005,4135,0,test
2023-12-17,P0005,4767,0,test
2023-12-24,P0005,4642,0,test
2023-12-31,P0005,5721,0,test
2024-01-07,P0005,1029,0,test
2022-01-02,P0006,1624,0,train
2022-01-09,P0006,4648,0,train
2022-01-16,P0006,4602,0,train
2022-01-23,P0006,4381,0,train
2022-01-30,P0006,5732,0,train
2022-02-06,P0006,4626,0,train
2022-02-13,P0006,4671,0,train
2022-02-20,P0006,5496,0,train
2022-02-27,P0006,4435,0,train
2022-03-06,P0006,4661,0,train
2022-03-13,P0006,5527,0,train
2022-03-20,P0006,4338,0,train
2022-03-27,P0006,6307,0,train
2022-04-03,P0006,4954,0,train
2022-04-10,P0006,4650,0,train
2022-04-17,P0006,4864,0,train
2022-04-24,P0006,5078,0,train
2022-05-01,P0006,4940,0,train
2022-05-08,P0006,4732,0,train
2022-05-15,P0006,5086,0,train
2022-05-22,P0006,4122,0,train
2022-05-29,P0006,5137,0,train
2022-06-05,P0006,4135,0,train
2022-06-12,P0006,5091,0,train
2022-06-19,P0006,4328,0,train
2022-06-26,P0006,4788,0,train
2022-07-03,P0006,4963,0,train
2022-07-10,P0006,4045,0,train
2022-07-17,P0006,5785,0,train
2022-07-24,P0006,4486,0,train
2022-07-31,P0006,3760,0,train
2022-08-07,P0006,4772,0,train
2022-08-14,P0006,3345,0,train
2022-08-21,P0006,4584,0,train
2022-08-28,P0006,5669,0,train
2022-09-04,P0006,5511,0,train
2022-09-11,P0006,4189,0,train
2022-09-18,P0006,5116,0,train
2022-09-25,P0006,5338,0,train
2022-10-02,P0006,4328,0,train
2022-10-09,P0006,5413,0,train
2022-10-16,P0006,4855,0,train
2022-10-23,P0006,4335,0,train
2022-10-30,P0006,7164,0,train
2022-11-06,P0006,4942,0,train
2022-11-13,P0006,5261,0,train
2022-11-20,P0006,4473,0,train
2022-11-27,P0006,4375,0,train
2022-12-04,P0006,4477,0,train
2022-12-11,P0006,4732,0,train
2022-12-18,P0006,4044,0,train
2022-12-25,P0006,4067,0,train
2023-01-01,P0006,4788,0,train
2023-01-08,P0006,4128,0,train
2023-01-15,P0006,5024,0,train
2023-01-22,P0006,4659,0,train
2023-01-29,P0006,4808,0,train
2023-02-05,P0006,4344,0,train
2023-02-12,P0006,3811,0,train
2023-02-19,P0006,4721,0,train
2023-02-26,P0006,4754,0,train
2023-03-05,P0006,5202,0,train
2023-03-12,P0006,4035,0,train
2023-03-19,P0006,5534,0,train
2023-03-26,P0006,5489,0,train
2023-04-02,P0006,4799,0,train
2023-04-09,P0006,5295,0,train
2023-04-16,P0006,4741,0,train
2023-04-23,P0006,3800,0,train
2023-04-30,P0006,4214,0,train
2023-05-07,P0006,3925,0,train
2023-05-14,P0006,4324,0,train
2023-05-21,P0006,4885,0,train
2023-05-28,P0006,4171,0,train
2023-06-04,P0006,3605,0,validation
2023-06-11,P0006,4716,0,validation
2023-06-18,P0006,5649,0,validation
2023-06-25,P0006,4611,0,validation
2023-07-02,P0006,6437,0,validation
2023-07-09,P0006,4627,0,validation
2023-07-16,P0006,4726,0,validation
2023-07-23,P0006,5005,0,validation
2023-07-30,P0006,4188,0,validation
2023-08-06,P0006,5565,0,validation
2023-08-13,P0006,4764,0,validation
2023-08-20,P0006,4004,0,validation
2023-08-27,P0006,5030,0,validation
2023-09-03,P0006,4293,0,validation
2023-09-10,P0006,4159,0,validation
2023-09-17,P0006,4590,0,validation
2023-09-24,P0006,4471,0,test
2023-10-01,P0006,6304,0,test
2023-10-08,P0006,4447,0,test
2023-10-15,P0006,4439,0,test
2023-10-22,P0006,5360,0,test
2023-10-29,P0006,4752,0,test
2023-11-05,P0006,4666,0,test
2023-11-12,P0006,5940,0,test
2023-11-19,P0006,5036,0,test
2023-11-26,P0006,4400,0,test
2023-12-03,P0006,3791,0,test
2023-12-10,P0006,4944,0,test
2023-12-17,P0006,3751,0,test
2023-12-24,P0006,4271,0,test
2023-12-31,P0006,5177,0,test
2024-01-07,P0006,980,0,test
2022-01-02,P0007,1441,0,train
2022-01-09,P0007,5376,0,train
2022-01-16,P0007,4570,0,train
2022-01-23,P0007,4730,0,train
2022-01-30,P0007,5887,0,train
2022-02-06,P0007,5455,0,train
2022-02-13,P0007,4945,0,train
2022-02-20,P0007,3706,0,train
2022-02-27,P0007,5422,0,train
2022-03-06,P0007,5084,0,train
2022-03-13,P0007,5594,0,train
2022-03-20,P0007,3322,0,train
2022-03-27,P0007,5014,0,train
2022-04-03,P0007,4280,0,train
2022-04-10,P0007,5514,0,train
2022-04-17,P0007,5450,0,train
2022-04-24,P0007,4881,0,train
2022-05-01,P0007,6364,0,train
2022-05-08,P0007,4318,0,train
2022-05-15,P0007,5049,0,train
2022-05-22,P0007,4746,0,train
2022-05-29,P0007,5203,0,train
2022-06-05,P0007,4909,0,train
2022-06-12,P0007,3533,0,train
2022-06-19,P0007,5671,0,train
2022-06-26,P0007,5524,0,train
2022-07-03,P0007,4225,0,train
2022-07-10,P0007,5708,0,train
2022-07-17,P0007,4917,0,train
2022-07-24,P0007,4030,0,train
2022-07-31,P0007,4115,0,train
2022-08-07,P0007,5463,0,train
2022-08-14,P0007,4859,0,train
2022-08-21,P0007,4747,0,train
2022-08-28,P0007,5038,0,train
2022-09-04,P0007,4425,0,train
2022-09-11,P0007,4446,0,train
2022-09-18,P0007,4264,0,train
2022-09-25,P0007,4544,0,train
2022-10-02,P0007,4287,0,train
2022-10-09,P0007,5891,0,train
2022-10-16,P0007,4494,0,train
2022-10-23,P0007,5591,0,train
2022-10-30,P0007,5662,0,train
2022-11-06,P0007,5242,0,train
2022-11-13,P0007,3283,0,train
2022-11-20,P0007,4823,0,train
2022-11-27,P0007,5195,0,train
2022-12-04,P0007,5747,0,train
2022-12-11,P0007,3193,0,train
2022-12-18,P0007,4958,0,train
2022-12-25,P0007,4043,0,train
2023-01-01,P0007,5125,0,train
2023-01-08,P0007,4906,0,train
2023-01-15,P0007,5219,0,train
2023-01-22,P0007,4466,0,train
2023-01-29,P0007,5002,0,train
2023-02-05,P0007,4431,0,train
2023-02-12,P0007,4259,0,train
2023-02-19,P0007,5500,0,train
2023-02-26,P0007,4944,0,train
2023-03-05,P0007,4621,0,train
2023-03-12,P0007,5031,0,train
2023-03-19,P0007,5032,0,train
2023-03-26,P0007,4509,0,train
2023-04-02,P0007,4999,0,train
2023-04-09,P0007,4336,0,train
2023-04-16,P0007,5148,0,train
2023-04-23,P0007,3763,0,train
2023-04-30,P0007,5500,0,train
2023-05-07,P0007,5356,0,train
2023-05-14,P0007,4923,0,train
2023-05-21,P0007,4676,0,train
2023-05-28,P0007,4773,0,train
2023-06-04,P0007,5498,0,validation
2023-06-11,P0007,3965,0,validation
2023-06-18,P0007,3692,0,validation
2023-06-25,P0007,4355,0,validation
2023-07-02,P0007,4595,0,validation
2023-07-09,P0007,4628,0,validation
2023-07-16,P0007,4768,0,validation
2023-07-23,P0007,5089,0,validation
2023-07-30,P0007,4261,0,validation
2023-08-06,P0007,5401,0,validation
2023-08-13,P0007,3630,0,validation
2023-08-20,P0007,4740,0,validation
2023-08-27,P0007,4912,0,validation
2023-09-03,P0007,4013,0,validation
2023-09-10,P0007,4333,0,validation
2023-09-17,P0007,4216,0,validation
2023-09-24,P0007,4745,0,test
2023-10-01,P0007,4886,0,test
2023-10-08,P0007,4442,0,test
2023-10-15,P0007,4490,0,test
2023-10-22,P0007,4549,0,test
2023-10-29,P0007,4144,0,test
2023-11-05,P0007,4591,0,test
2023-11-12,P0007,5006,0,test
2023-11-19,P0007,4598,0,test
2023-11-26,P0007,4680,0,test
2023-12-03,P0007,4930,0,test
2023-12-10,P0007,5150,0,test
2023-12-17,P0007,5114,0,test
2023-12-24,P0007,4484,0,test
2023-12-31,P0007,5490,0,test
2024-01-07,P0007,229,0,test
2022-01-02,P0008,1285,0,train
2022-01-09,P0008,5524,0,train
2022-01-16,P0008,3919,0,train
2022-01-23,P0008,4448,0,train
2022-01-30,P0008,4245,0,train
2022-02-06,P0008,4580,0,train
2022-02-13,P0008,4261,0,train
2022-02-20,P0008,4647,0,train
2022-02-27,P0008,4188,0,train
2022-03-06,P0008,5239,0,train
2022-03-13,P0008,4294,0,train
2022-03-20,P0008,5063,0,train
2022-03-27,P0008,4929,0,train
2022-04-03,P0008,5192,0,train
2022-04-10,P0008,5649,0,train
2022-04-17,P0008,4128,0,train
2022-04-24,P0008,3846,0,train
2022-05-01,P0008,3741,0,train
2022-05-08,P0008,4284,0,train
2022-05-15,P0008,4652,0,train
2022-05-22,P0008,5179,0,train
2022-05-29,P0008,5072,0,train
2022-06-05,P0008,4117,0,train
2022-06-12,P0008,5480,0,train
2022-06-19,P0008,5128,0,train
2022-06-26,P0008,4711,0,train
2022-07-03,P0008,4918,0,train
2022-07-10,P0008,5174,0,train
2022-07-17,P0008,5438,0,train
2022-07-24,P0008,4726,0,train
2022-07-31,P0008,5518,0,train
2022-08-07,P0008,4612,0,train
2022-08-14,P0008,3797,0,train
2022-08-21,P0008,5711,0,train
2022-08-28,P0008,4838,0,train
2022-09-04,P0008,6027,0,train
2022-09-11,P0008,4171,0,train
2022-09-18,P0008,4575,0,train
2022-09-25,P0008,4323,0,train
2022-10-02,P0008,4880,0,train
2022-10-09,P0008,4270,0,train
2022-10-16,P0008,4510,0,train
2022-10-23,P0008,4896,0,train
2022-10-30,P0008,3405,0,train
2022-11-06,P0008,6097,0,train
2022-11-13,P0008,5116,0,train
2022-11-20,P0008,4347,0,train
2022-11-27,P0008,3637,0,train
2022-12-04,P0008,3122,0,train
2022-12-11,P0008,4032,0,train
2022-12-18,P0008,3520,0,train
2022-12-25,P0008,3725,0,train
2023-01-01,P0008,5363,0,train
2023-01-08,P0008,4702,0,train
2023-01-15,P0008,4012,0,train
2023-01-22,P0008,3167,0,train
2023-01-29,P0008,4124,0,train
2023-02-05,P0008,3479,0,train
2023-02-12,P0008,5395,0,train
2023-02-19,P0008,4342,0,train
2023-02-26,P0008,6291,0,train
2023-03-05,P0008,4172,0,train
2023-03-12,P0008,4436,0,train
2023-03-19,P0008,4449,0,train
2023-03-26,P0008,4461,0,train
2023-04-02,P0008,3836,0,train
2023-04-09,P0008,4531,0,train
2023-04-16,P0008,4195,0,train
2023-04-23,P0008,5590,0,train
2023-04-30,P0008,5325,0,train
2023-05-07,P0008,3648,0,train
2023-05-14,P0008,5412,0,train
2023-05-21,P0008,4272,0,train
2023-05-28,P0008,5512,0,train
2023-06-04,P0008,4918,0,validation
2023-06-11,P0008,5479,0,validation
2023-06-18,P0008,3924,0,validation
2023-06-25,P0008,4643,0,validation
2023-07-02,P0008,5024,0,validation
2023-07-09,P0008,4983,0,validation
2023-07-16,P0008,5511,0,validation
2023-07-23,P0008,5117,0,validation
2023-07-30,P0008,4512,0,validation
2023-08-06,P0008,5344,0,validation
2023-08-13,P0008,5359,0,validation
2023-08-20,P0008,5453,0,validation
2023-08-27,P0008,4514,0,validation
2023-09-03,P0008,4845,0,validation
2023-09-10,P0008,3895,0,validation
2023-09-17,P0008,5226,0,validation
2023-09-24,P0008,3830,0,test
2023-10-01,P0008,3307,0,test
2023-10-08,P0008,4057,0,test
2023-10-15,P0008,4461,0,test
2023-10-22,P0008,4496,0,test
2023-10-29,P0008,6779,0,test
2023-11-05,P0008,4843,0,test
2023-11-12,P0008,4451,0,test
2023-11-19,P0008,4972,0,test
2023-11-26,P0008,5279,0,test
2023-12-03,P0008,5066,0,test
2023-12-10,P0008,4591,0,test
2023-12-17,P0008,4639,0,test
2023-12-24,P0008,5069,0,test
2023-12-31,P0008,5069,0,test
2024-01-07,P0008,1007,0,test
2022-01-02,P0009,907,0,train
2022-01-09,P0009,5179,0,train
2022-01-16,P0009,5311,0,train
2022-01-23,P0009,5738,0,train
2022-01-30,P0009,4058,0,train
2022-02-06,P0009,4426,0,train
2022-02-13,P0009,4910,0,train
2022-02-20,P0009,5472,0,train
2022-02-27,P0009,4466,0,train
2022-03-06,P0009,4128,0,train
2022-03-13,P0009,4581,0,train
2022-03-20,P0009,4335,0,train
2022-03-27,P0009,4602,0,train
2022-04-03,P0009,6231,0,train
2022-04-10,P0009,4875,0,train
2022-04-17,P0009,4181,0,train
2022-04-24,P0009,3846,0,train
2022-05-01,P0009,4045,0,train
2022-05-08,P0009,6439,0,train
2022-05-15,P0009,5088,0,train
2022-05-22,P0009,4959,0,train
2022-05-29,P0009,4813,0,train
2022-06-05,P0009,4281,0,train
2022-06-12,P0009,3182,0,train
2022-06-19,P0009,4872,0,train
2022-06-26,P0009,5641,0,train
2022-07-03,P0009,4454,0,train
2022-07-10,P0009,4711,0,train
2022-07-17,P0009,4383,0,train
2022-07-24,P0009,4153,0,train
2022-07-31,P0009,4618,0,train
2022-08-07,P0009,4636,0,train
2022-08-14,P0009,4482,0,train
2022-08-21,P0009,5788,0,train
2022-08-28,P0009,4575,0,train
2022-09-04,P0009,4119,0,train
2022-09-11,P0009,5033,0,train
2022-09-18,P0009,4072,0,train
2022-09-25,P0009,6269,0,train
2022-10-02,P0009,4831,0,train
2022-10-09,P0009,5272,0,train
2022-10-16,P0009,5007,0,train
2022-10-23,P0009,5792,0,train
2022-10-30,P0009,4619,0,train
2022-11-06,P0009,4357,0,train
2022-11-13,P0009,5562,0,train
2022-11-20,P0009,5017,0,train
2022-11-27,P0009,5634,0,train
2022-12-04,P0009,5003,0,train
2022-12-11,P0009,3935,0,train
2022-12-18,P0009,6803,0,train
2022-12-25,P0009,3984,0,train
2023-01-01,P0009,5640,0,train
2023-01-08,P0009,4486,0,train
2023-01-15,P0009,3836,0,train
2023-01-22,P0009,4677,0,train
2023-01-29,P0009,3156,0,train
2023-02-05,P0009,3947,0,train
2023-02-12,P0009,5022,0,train
2023-02-19,P0009,4258,0,train
2023-02-26,P0009,3973,0,train
2023-03-05,P0009,4931,0,train
2023-03-12,P0009,5460,0,train
2023-03-19,P0009,4567,0,train
2023-03-26,P0009,3725,0,train
2023-04-02,P0009,4570,0,train
2023-04-09,P0009,4608,0,train
2023-04-16,P0009,4618,0,train
2023-04-23,P0009,4613,0,train
2023-04-30,P0009,4801,0,train
2023-05-07,P0009,4819,0,train
2023-05-14,P0009,3934,0,train
2023-05-21,P0009,5648,0,train
2023-05-28,P0009,4664,0,train
2023-06-04,P0009,5730,0,validation
2023-06-11,P0009,6356,0,validation
2023-06-18,P0009,4430,0,validation
2023-06-25,P0009,4080,0,validation
2023-07-02,P0009,4599,0,validation
2023-07-09,P0009,4931,0,validation
2023-07-16,P0009,5584,0,validation
2023-07-23,P0009,5448,0,validation
2023-07-30,P0009,5804,0,validation
2023-08-06,P0009,4530,0,validation
2023-08-13,P0009,3409,0,validation
2023-08-20,P0009,5248,0,validation
2023-08-27,P0009,4997,0,validation
2023-09-03,P0009,5126,0,validation
2023-09-10,P0009,5079,0,validation
2023-09-17,P0009,4649,0,validation
2023-09-24,P0009,4735,0,test
2023-10-01,P0009,4246,0,test
2023-10-08,P0009,5478,0,test
2023-10-15,P0009,5074,0,test
2023-10-22,P0009,5435,0,test
2023-10-29,P0009,4300,0,test
2023-11-05,P0009,5897,0,test
2023-11-12,P0009,3417,0,test
2023-11-19,P0009,4878,0,test
2023-11-26,P0009,5179,0,test
2023-12-03,P0009,4452,0,test
2023-12-10,P0009,4738,0,test
2023-12-17,P0009,6225,0,test
2023-12-24,P0009,5140,0,test
2023-12-31,P0009,4939,0,test
2024-01-07,P0009,325,0,test
2022-01-02,P0010,1173,0,train
2022-01-09,P0010,4296,0,train
2022-01-16,P0010,5299,0,train
2022-01-23,P0010,5064,0,train
2022-01-30,P0010,4868,0,train
2022-02-06,P0010,4975,0,train
2022-02-13,P0010,4218,0,train
2022-02-20,P0010,4861,0,train
2022-02-27,P0010,5191,0,train
2022-03-06,P0010,3715,0,train
2022-03-13,P0010,5154,0,train
2022-03-20,P0010,4919,0,train
2022-03-27,P0010,5274,0,train
2022-04-03,P0010,3854,0,train
2022-04-10,P0010,5312,0,train
2022-04-17,P0010,4831,0,train
2022-04-24,P0010,4680,0,train
2022-05-01,P0010,3690,0,train
2022-05-08,P0010,4796,0,train
2022-05-15,P0010,4743,0,train
2022-05-22,P0010,4737,0,train
2022-05-29,P0010,5638,0,train
2022-06-05,P0010,3477,0,train
2022-06-12,P0010,4615,0,train
2022-06-19,P0010,5262,0,train
2022-06-26,P0010,5381,0,train
2022-07-03,P0010,4635,0,train
2022-07-10,P0010,4646,0,train
2022-07-17,P0010,3782,0,train
2022-07-24,P0010,5091,0,train
2022-07-31,P0010,4958,0,train
2022-08-07,P0010,5539,0,train
2022-08-14,P0010,5561,0,train
2022-08-21,P0010,4939,0,train
2022-08-28,P0010,5654,0,train
2022-09-04,P0010,4971,0,train
2022-09-11,P0010,5145,0,train
2022-09-18,P0010,4884,0,train
2022-09-25,P0010,5740,0,train
2022-10-02,P0010,5731,0,train
2022-10-09,P0010,6032,0,train
2022-10-16,P0010,4179,0,train
2022-10-23,P0010,5012,0,train
2022-10-30,P0010,3540,0,train
2022-11-06,P0010,4980,0,train
2022-11-13,P0010,4589,0,train
2022-11-20,P0010,3386,0,train
2022-11-27,P0010,6074,0,train
2022-12-04,P0010,4664,0,train
2022-12-11,P0010,4592,0,train
2022-12-18,P0010,3559,0,train
2022-12-25,P0010,4632,0,train
2023-01-01,P0010,4276,0,train
2023-01-08,P0010,5880,0,train
2023-01-15,P0010,4684,0,train
2023-01-22,P0010,5449,0,train
2023-01-29,P0010,5342,0,train
2023-02-05,P0010,4855,0,train
2023-02-12,P0010,4939,0,train
2023-02-19,P0010,5121,0,train
2023-02-26,P0010,4387,0,train
2023-03-05,P0010,5773,0,train
2023-03-12,P0010,3644,0,train
2023-03-19,P0010,4402,0,train
2023-03-26,P0010,4234,0,train
2023-04-02,P0010,4809,0,train
2023-04-09,P0010,4489,0,train
2023-04-16,P0010,5057,0,train
2023-04-23,P0010,3958,0,train
2023-04-30,P0010,4038,0,train
2023-05-07,P0010,4522,0,train
2023-05-14,P0010,4634,0,train
2023-05-21,P0010,4035,0,train
2023-05-28,P0010,4377,0,train
2023-06-04,P0010,3676,0,validation
2023-06-11,P0010,4318,0,validation
2023-06-18,P0010,4116,0,validation
2023-06-25,P0010,4954,0,validation
2023-07-02,P0010,5104,0,validation
2023-07-09,P0010,4771,0,validation
2023-07-16,P0010,4225,0,validation
2023-07-23,P0010,4569,0,validation
2023-07-30,P0010,3979,0,validation
2023-08-06,P0010,6189,0,validation
2023-08-13,P0010,5144,0,validation
2023-08-20,P0010,4208,0,validation
2023-08-27,P0010,5000,0,validation
2023-09-03,P0010,5641,0,validation
2023-09-10,P0010,5451,0,validation
2023-09-17,P0010,5634,0,validation
2023-09-24,P0010,3930,0,test
2023-10-01,P0010,3935,0,test
2023-10-08,P0010,4644,0,test
2023-10-15,P0010,5280,0,test
2023-10-22,P0010,4542,0,test
2023-10-29,P0010,4892,0,test
2023-11-05,P0010,3798,0,test
2023-11-12,P0010,4430,0,test
2023-11-19,P0010,4051,0,test
2023-11-26,P0010,4595,0,test
2023-12-03,P0010,5573,0,test
2023-12-10,P0010,5599,0,test
2023-12-17,P0010,4796,0,test
2023-12-24,P0010,4668,0,test
2023-12-31,P0010,4202,0,test
2024-01-07,P0010,1112,0,test
2022-01-02,P0011,1161,0,train
2022-01-09,P0011,4741,0,train
2022-01-16,P0011,5536,0,train
2022-01-23,P0011,4741,0,train
2022-01-30,P0011,3965,0,train
2022-02-06,P0011,4685,0,train
2022-02-13,P0011,5254,0,train
2022-02-20,P0011,5635,0,train
2022-02-27,P0011,4220,0,train
2022-03-06,P0011,5387,0,train
2022-03-13,P0011,4552,0,train
2022-03-20,P0011,4276,0,train
2022-03-27,P0011,4539,0,train
2022-04-03,P0011,3400,0,train
2022-04-10,P0011,5185,0,train
2022-04-17,P0011,3376,0,train
2022-04-24,P0011,4884,0,train
2022-05-01,P0011,4371,0,train
2022-05-08,P0011,4612,0,train
2022-05-15,P0011,4578,0,train
2022-05-22,P0011,4592,0,train
2022-05-29,P0011,4461,0,train
2022-06-05,P0011,5912,0,train
2022-06-12,P0011,4590,0,train
2022-06-19,P0011,4656,0,train
2022-06-26,P0011,4889,0,train
2022-07-03,P0011,5525,0,train
2022-07-10,P0011,4479,0,train
2022-07-17,P0011,4422,0,train
2022-07-24,P0011,4078,0,train
2022-07-31,P0011,4336,0,train
2022-08-07,P0011,5777,0,train
2022-08-14,P0011,4220,0,train
2022-08-21,P0011,4123,0,train
2022-08-28,P0011,6150,0,train
2022-09-04,P0011,5307,0,train
2022-09-11,P0011,4248,0,train
2022-09-18,P0011,4801,0,train
2022-09-25,P0011,3826,0,train
2022-10-02,P0011,4164,0,train
2022-10-09,P0011,4836,0,train
2022-10-16,P0011,4343,0,train
2022-10-23,P0011,4327,0,train
2022-10-30,P0011,5166,0,train
2022-11-06,P0011,4679,0,train
2022-11-13,P0011,4706,0,train
2022-11-20,P0011,5777,0,train
2022-11-27,P0011,5409,0,train
2022-12-04,P0011,4289,0,train
2022-12-11,P0011,4253,0,train
2022-12-18,P0011,5024,0,train
2022-12-25,P0011,4469,0,train
2023-01-01,P0011,3561,0,train
2023-01-08,P0011,3865,0,train
2023-01-15,P0011,5894,0,train
2023-01-22,P0011,5318,0,train
2023-01-29,P0011,4174,0,train
2023-02-05,P0011,4949,0,train
2023-02-12,P0011,4476,0,train
2023-02-19,P0011,4803,0,train
2023-02-26,P0011,5032,0,train
2023-03-05,P0011,4668,0,train
2023-03-12,P0011,4981,0,train
2023-03-19,P0011,5284,0,train
2023-03-26,P0011,4489,0,train
2023-04-02,P0011,5260,0,train
2023-04-09,P0011,4868,0,train
2023-04-16,P0011,6256,0,train
2023-04-23,P0011,5352,0,train
2023-04-30,P0011,4596,0,train
2023-05-07,P0011,3917,0,train
2023-05-14,P0011,4718,0,train
2023-05-21,P0011,5393,0,train
2023-05-28,P0011,3754,0,train
2023-06-04,P0011,4999,0,validation
2023-06-11,P0011,4954,0,validation
2023-06-18,P0011,4153,0,validation
2023-06-25,P0011,4551,0,validation
2023-07-02,P0011,3245,0,validation
2023-07-09,P0011,3944,0,validation
2023-07-16,P0011,5022,0,validation
2023-07-23,P0011,6304,0,validation
2023-07-30,P0011,5576,0,validation
2023-08-06,P0011,4757,0,validation
2023-08-13,P0011,4644,0,validation
2023-08-20,P0011,5044,0,validation
2023-08-27,P0011,4321,0,validation
2023-09-03,P0011,5061,0,validation
2023-09-10,P0011,5615,0,validation
2023-09-17,P0011,5237,0,validation
2023-09-24,P0011,4621,0,test
2023-10-01,P0011,4837,0,test
2023-10-08,P0011,5296,0,test
2023-10-15,P0011,5150,0,test
2023-10-22,P0011,6312,0,test
2023-10-29,P0011,4525,0,test
2023-11-05,P0011,5362,0,test
2023-11-12,P0011,4419,0,test
2023-11-19,P0011,4379,0,test
2023-11-26,P0011,5656,0,test
2023-12-03,P0011,5218,0,test
2023-12-10,P0011,4845,0,test
2023-12-17,P0011,4831,0,test
2023-12-24,P0011,4996,0,test
2023-12-31,P0011,4558,0,test
2024-01-07,P0011,390,0,test
2022-01-02,P0012,855,0,train
2022-01-09,P0012,3960,0,train
2022-01-16,P0012,4097,0,train
2022-01-23,P0012,4762,0,train
2022-01-30,P0012,4281,0,train
2022-02-06,P0012,4385,0,train
2022-02-13,P0012,5446,0,train
2022-02-20,P0012,4478,0,train
2022-02-27,P0012,4542,0,train
2022-03-06,P0012,5452,0,train
2022-03-13,P0012,4212,0,train
2022-03-20,P0012,6178,0,train
2022-03-27,P0012,3703,0,train
2022-04-03,P0012,5310,0,train
2022-04-10,P0012,4313,0,train
2022-04-17,P0012,4866,0,train
2022-04-24,P0012,3961,0,train
2022-05-01,P0012,4252,0,train
2022-05-08,P0012,4754,0,train
2022-05-15,P0012,5425,0,train
2022-05-22,P0012,5328,0,train
2022-05-29,P0012,4164,0,train
2022-06-05,P0012,4478,0,train
2022-06-12,P0012,5013,0,train
2022-06-19,P0012,4815,0,train
2022-06-26,P0012,5341,0,train
2022-07-03,P0012,4561,0,train
2022-07-10,P0012,5468,0,train
2022-07-17,P0012,4611,0,train
2022-07-24,P0012,5870,0,train
2022-07-31,P0012,4011,0,train
2022-08-07,P0012,5120,0,train
2022-08-14,P0012,6114,0,train
2022-08-21,P0012,3787,0,train
2022-08-28,P0012,4833,0,train
2022-09-04,P0012,5181,0,train
2022-09-11,P0012,3861,0,train
2022-09-18,P0012,4889,0,train
2022-09-25,P0012,4771,0,train
2022-10-02,P0012,3795,0,train
2022-10-09,P0012,3784,0,train
2022-10-16,P0012,4901,0,train
2022-10-23,P0012,5269,0,train
2022-10-30,P0012,4670,0,train
2022-11-06,P0012,4503,0,train
2022-11-13,P0012,5904,0,train
2022-11-20,P0012,5407,0,train
2022-11-27,P0012,4410,0,train
2022-12-04,P0012,4968,0,train
2022-12-11,P0012,5551,0,train
2022-12-18,P0012,4090,0,train
2022-12-25,P0012,4945,0,train
2023-01-01,P0012,4613,0,train
2023-01-08,P0012,4671,0,train
2023-01-15,P0012,5032,0,train
2023-01-22,P0012,5188,0,train
2023-01-29,P0012,4842,0,train
2023-02-05,P0012,3817,0,train
2023-02-12,P0012,3886,0,train
2023-02-19,P0012,2982,0,train
2023-02-26,P0012,4352,0,train
2023-03-05,P0012,4924,0,train
2023-03-12,P0012,4200,0,train
2023-03-19,P0012,4482,0,train
2023-03-26,P0012,4638,0,train
2023-04-02,P0012,4010,0,train
2023-04-09,P0012,4320,0,train
2023-04-16,P0012,4847,0,train
2023-04-23,P0012,4245,0,train
2023-04-30,P0012,4584,0,train
2023-05-07,P0012,4670,0,train
2023-05-14,P0012,5243,0,train
2023-05-21,P0012,4919,0,train
2023-05-28,P0012,4772,0,train
2023-06-04,P0012,4582,0,validation
2023-06-11,P0012,5244,0,validation
2023-06-18,P0012,4306,0,validation
2023-06-25,P0012,4754,0,validation
2023-07-02,P0012,4744,0,validation
2023-07-09,P0012,5937,0,validation
2023-07-16,P0012,6345,0,validation
2023-07-23,P0012,5261,0,validation
2023-07-30,P0012,5565,0,validation
2023-08-06,P0012,4190,0,validation
2023-08-13,P0012,4380,0,validation
2023-08-20,P0012,4093,0,validation
2023-08-27,P0012,4910,0,validation
2023-09-03,P0012,5376,0,validation
2023-09-10,P0012,5424,0,validation
2023-09-17,P0012,3935,0,validation
2023-09-24,P0012,5113,0,test
2023-10-01,P0012,4939,0,test
2023-10-08,P0012,5006,0,test
2023-10-15,P0012,3997,0,test
2023-10-22,P0012,4538,0,test
2023-10-29,P0012,6077,0,test
2023-11-05,P0012,4010,0,test
2023-11-12,P0012,4610,0,test
2023-11-19,P0012,4005,0,test
2023-11-26,P0012,5476,0,test
2023-12-03,P0012,3952,0,test
2023-12-10,P0012,4056,0,test
2023-12-17,P0012,4786,0,test
2023-12-24,P0012,4190,0,test
2023-12-31,P0012,4325,0,test
2024-01-07,P0012,662,0,test
2022-01-02,P0013,1573,0,train
2022-01-09,P0013,4787,0,train
2022-01-16,P0013,5102,0,train
2022-01-23,P0013,3325,0,train
2022-01-30,P0013,4947,0,train
2022-02-06,P0013,4067,0,train
2022-02-13,P0013,5359,0,train
2022-02-20,P0013,5445,0,train
2022-02-27,P0013,4912,0,train
2022-03-06,P0013,4895,0,train
2022-03-13,P0013,5143,0,train
2022-03-20,P0013,5404,0,train
2022-03-27,P0013,5948,0,train
2022-04-03,P0013,4825,0,train
2022-04-10,P0013,4749,0,train
2022-04-17,P0013,5201,0,train
2022-04-24,P0013,5270,0,train
2022-05-01,P0013,3960,0,train
2022-05-08,P0013,4280,0,train
2022-05-15,P0013,4131,0,train
2022-05-22,P0013,5315,0,train
2022-05-29,P0013,4614,0,train
2022-06-05,P0013,4815,0,train
2022-06-12,P0013,3423,0,train
2022-06-19,P0013,4558,0,train
2022-06-26,P0013,4089,0,train
2022-07-03,P0013,5503,0,train
2022-07-10,P0013,4569,0,train
2022-07-17,P0013,5293,0,train
2022-07-24,P0013,5811,0,train
2022-07-31,P0013,5305,0,train
2022-08-07,P0013,4769,0,train
2022-08-14,P0013,5557,0,train
2022-08-21,P0013,5156,0,train
2022-08-28,P0013,4225,0,train
2022-09-04,P0013,4700,0,train
2022-09-11,P0013,4596,0,train
2022-09-18,P0013,5745,0,train
2022-09-25,P0013,4423,0,train
2022-10-02,P0013,5797,0,train
2022-10-09,P0013,5326,0,train
2022-10-16,P0013,5718,0,train
2022-10-23,P0013,4825,0,train
2022-10-30,P0013,4491,0,train
2022-11-06,P0013,6095,0,train
2022-11-13,P0013,3309,0,train
2022-11-20,P0013,3153,0,train
2022-11-27,P0013,5795,0,train
2022-12-04,P0013,4744,0,train
2022-12-11,P0013,5535,0,train
2022-12-18,P0013,5365,0,train
2022-12-25,P0013,4518,0,train
2023-01-01,P0013,5428,0,train
2023-01-08,P0013,4393,0,train
2023-01-15,P0013,4530,0,train
2023-01-22,P0013,5426,0,train
2023-01-29,P0013,5620,0,train
2023-02-05,P0013,4065,0,train
2023-02-12,P0013,5021,0,train
2023-02-19,P0013,4654,0,train
2023-02-26,P0013,5265,0,train
2023-03-05,P0013,3592,0,train
2023-03-12,P0013,4892,0,train
2023-03-19,P0013,5654,0,train
2023-03-26,P0013,5179,0,train
2023-04-02,P0013,5791,0,train
2023-04-09,P0013,4647,0,train
2023-04-16,P0013,3961,0,train
2023-04-23,P0013,3081,0,train
2023-04-30,P0013,5388,0,train
2023-05-07,P0013,4001,0,train
2023-05-14,P0013,5054,0,train
2023-05-21,P0013,4226,0,train
2023-05-28,P0013,4024,0,train
2023-06-04,P0013,4658,0,validation
2023-06-11,P0013,4648,0,validation
2023-06-18,P0013,4084,0,validation
2023-06-25,P0013,4315,0,validation
2023-07-02,P0013,6083,0,validation
2023-07-09,P0013,4104,0,validation
2023-07-16,P0013,5373,0,validation
2023-07-23,P0013,5978,0,validation
2023-07-30,P0013,5256,0,validation
2023-08-06,P0013,4373,0,validation
2023-08-13,P0013,5214,0,validation
2023-08-20,P0013,4276,0,validation
2023-08-27,P0013,4168,0,validation
2023-09-03,P0013,4979,0,validation
2023-09-10,P0013,4697,0,validation
2023-09-17,P0013,4157,0,validation
2023-09-24,P0013,5212,0,test
2023-10-01,P0013,3887,0,test
2023-10-08,P0013,3863,0,test
2023-10-15,P0013,3739,0,test
2023-10-22,P0013,4469,0,test
2023-10-29,P0013,4178,0,test
2023-11-05,P0013,5649,0,test
2023-11-12,P0013,4126,0,test
2023-11-19,P0013,4867,0,test
2023-11-26,P0013,4747,0,test
2023-12-03,P0013,5055,0,test
2023-12-10,P0013,5139,0,test
2023-12-17,P0013,5293,0,test
2023-12-24,P0013,3980,0,test
2023-12-31,P0013,5064,0,test
2024-01-07,P0013,636,0,test
2022-01-02,P0014,1696,0,train
2022-01-09,P0014,5041,0,train
2022-01-16,P0014,4428,0,train
2022-01-23,P0014,4760,0,train
2022-01-30,P0014,4773,0,train
2022-02-06,P0014,5361,0,train
2022-02-13,P0014,5552,0,train
2022-02-20,P0014,4612,0,train
2022-02-27,P0014,5975,0,train
2022-03-06,P0014,5088,0,train
2022-03-13,P0014,3881,0,train
2022-03-20,P0014,4427,0,train
2022-03-27,P0014,4727,0,train
2022-04-03,P0014,5033,0,train
2022-04-10,P0014,5006,0,train
2022-04-17,P0014,4877,0,train
2022-04-24,P0014,4594,0,train
2022-05-01,P0014,4291,0,train
2022-05-08,P0014,4450,0,train
2022-05-15,P0014,4411,0,train
2022-05-22,P0014,5103,0,train
2022-05-29,P0014,4876,0,train
2022-06-05,P0014,5510,0,train
2022-06-12,P0014,4105,0,train
2022-06-19,P0014,5627,0,train
2022-06-26,P0014,3810,0,train
2022-07-03,P0014,3887,0,train
2022-07-10,P0014,4802,0,train
2022-07-17,P0014,4352,0,train
2022-07-24,P0014,5115,0,train
2022-07-31,P0014,6037,0,train
2022-08-07,P0014,4826,0,train
2022-08-14,P0014,5057,0,train
2022-08-21,P0014,5488,0,train
2022-08-28,P0014,4769,0,train
2022-09-04,P0014,5341,0,train
2022-09-11,P0014,4625,0,train
2022-09-18,P0014,5956,0,train
2022-09-25,P0014,4838,0,train
2022-10-02,P0014,5448,0,train
2022-10-09,P0014,4468,0,train
2022-10-16,P0014,5082,0,train
2022-10-23,P0014,4909,0,train
2022-10-30,P0014,4549,0,train
2022-11-06,P0014,5262,0,train
2022-11-13,P0014,5272,0,train
2022-11-20,P0014,3973,0,train
2022-11-27,P0014,4042,0,train
2022-12-04,P0014,4753,0,train
2022-12-11,P0014,5509,0,train
2022-12-18,P0014,5193,0,train
2022-12-25,P0014,4256,0,train
2023-01-01,P0014,5493,0,train
2023-01-08,P0014,5136,0,train
2023-01-15,P0014,5877,0,train
2023-01-22,P0014,4054,0,train
2023-01-29,P0014,5600,0,train
2023-02-05,P0014,5600,0,train
2023-02-12,P0014,6157,0,train
2023-02-19,P0014,4220,0,train
2023-02-26,P0014,4213,0,train
2023-03-05,P0014,4794,0,train
2023-03-12,P0014,5179,0,train
2023-03-19,P0014,4059,0,train
2023-03-26,P0014,4073,0,train
2023-04-02,P0014,3963,0,train
2023-04-09,P0014,4289,0,train
2023-04-16,P0014,4592,0,train
2023-04-23,P0014,5426,0,train
2023-04-30,P0014,5988,0,train
2023-05-07,P0014,4718,0,train
2023-05-14,P0014,3844,0,train
2023-05-21,P0014,4911,0,train
2023-05-28,P0014,4256,0,train
2023-06-04,P0014,3943,0,validation
2023-06-11,P0014,4591,0,validation
2023-06-18,P0014,4588,0,validation
2023-06-25,P0014,5793,0,validation
2023-07-02,P0014,3976,0,validation
2023-07-09,P0014,5886,0,validation
2023-07-16,P0014,5347,0,validation
2023-07-23,P0014,4422,0,validation
2023-07-30,P0014,4636,0,validation
2023-08-06,P0014,4483,0,validation
2023-08-13,P0014,4273,0,validation
2023-08-20,P0014,5584,0,validation
2023-08-27,P0014,4865,0,validation
2023-09-03,P0014,5137,0,validation
2023-09-10,P0014,4600,0,validation
2023-09-17,P0014,5421,0,validation
2023-09-24,P0014,4223,0,test
2023-10-01,P0014,4741,0,test
2023-10-08,P0014,5025,0,test
2023-10-15,P0014,4949,0,test
2023-10-22,P0014,5621,0,test
2023-10-29,P0014,4586,0,test
2023-11-05,P0014,5867,0,test
2023-11-12,P0014,4486,0,test
2023-11-19,P0014,4774,0,test
2023-11-26,P0014,4542,0,test
2023-12-03,P0014,4339,0,test
2023-12-10,P0014,4556,0,test
2023-12-17,P0014,5166,0,test
2023-12-24,P0014,5453,0,test
2023-12-31,P0014,4492,0,test
2024-01-07,P0014,992,0,test
2022-01-02,P0015,1929,0,train
2022-01-09,P0015,5443,0,train
2022-01-16,P0015,5952,0,train
2022-01-23,P0015,4994,0,train
2022-01-30,P0015,4918,0,train
2022-02-06,P0015,5220,0,train
2022-02-13,P0015,4987,0,train
2022-02-20,P0015,4468,0,train
2022-02-27,P0015,5105,0,train
2022-03-06,P0015,5482,0,train
2022-03-13,P0015,4873,0,train
2022-03-20,P0015,4325,0,train
2022-03-27,P0015,5286,0,train
2022-04-03,P0015,5255,0,train
2022-04-10,P0015,4438,0,train
2022-04-17,P0015,4190,0,train
2022-04-24,P0015,4832,0,train
2022-05-01,P0015,5043,0,train
2022-05-08,P0015,4950,0,train
2022-05-15,P0015,5979,0,train
2022-05-22,P0015,5287,0,train
2022-05-29,P0015,3746,0,train
2022-06-05,P0015,4201,0,train
2022-06-12,P0015,4204,0,train
2022-06-19,P0015,4802,0,train
2022-06-26,P0015,6152,0,train
2022-07-03,P0015,5176,0,train
2022-07-10,P0015,5342,0,train
2022-07-17,P0015,5043,0,train
2022-07-24,P0015,5002,0,train
2022-07-31,P0015,5866,0,train
2022-08-07,P0015,3641,0,train
2022-08-14,P0015,5296,0,train
2022-08-21,P0015,4446,0,train
2022-08-28,P0015,3925,0,train
2022-09-04,P0015,5155,0,train
2022-09-11,P0015,4401,0,train
2022-09-18,P0015,3539,0,train
2022-09-25,P0015,4447,0,train
2022-10-02,P0015,4372,0,train
2022-10-09,P0015,3981,0,train
2022-10-16,P0015,5122,0,train
2022-10-23,P0015,4025,0,train
2022-10-30,P0015,4550,0,train
2022-11-06,P0015,4683,0,train
2022-11-13,P0015,3911,0,train
2022-11-20,P0015,5250,0,train
2022-11-27,P0015,5151,0,train
2022-12-04,P0015,5757,0,train
2022-12-11,P0015,3947,0,train
2022-12-18,P0015,4599,0,train
2022-12-25,P0015,3834,0,train
2023-01-01,P0015,5109,0,train
2023-01-08,P0015,4403,0,train
2023-01-15,P0015,5372,0,train
2023-01-22,P0015,5244,0,train
2023-01-29,P0015,4968,0,train
2023-02-05,P0015,5795,0,train
2023-02-12,P0015,5922,0,train
2023-02-19,P0015,3655,0,train
2023-02-26,P0015,4913,0,train
2023-03-05,P0015,5413,0,train
2023-03-12,P0015,4712,0,train
2023-03-19,P0015,4566,0,train
2023-03-26,P0015,4793,0,train
2023-04-02,P0015,4988,0,train
2023-04-09,P0015,5457,0,train
2023-04-16,P0015,4084,0,train
2023-04-23,P0015,3527,0,train
2023-04-30,P0015,5347,0,train
2023-05-07,P0015,4789,0,train
2023-05-14,P0015,4942,0,train
2023-05-21,P0015,5057,0,train
2023-05-28,P0015,5621,0,train
2023-06-04,P0015,3673,0,validation
2023-06-11,P0015,3990,0,validation
2023-06-18,P0015,5432,0,validation
2023-06-25,P0015,5911,0,validation
2023-07-02,P0015,3906,0,validation
2023-07-09,P0015,5263,0,validation
2023-07-16,P0015,4772,0,validation
2023-07-23,P0015,4527,0,validation
2023-07-30,P0015,5965,0,validation
2023-08-06,P0015,5039,0,validation
2023-08-13,P0015,4401,0,validation
2023-08-20,P0015,5541,0,validation
2023-08-27,P0015,5247,0,validation
2023-09-03,P0015,4478,0,validation
2023-09-10,P0015,5264,0,validation
2023-09-17,P0015,5797,0,validation
2023-09-24,P0015,4692,0,test
2023-10-01,P0015,4460,0,test
2023-10-08,P0015,6026,0,test
2023-10-15,P0015,4941,0,test
2023-10-22,P0015,5450,0,test
2023-10-29,P0015,4910,0,test
2023-11-05,P0015,4048,0,test
2023-11-12,P0015,5762,0,test
2023-11-19,P0015,4310,0,test
2023-11-26,P0015,4360,0,test
2023-12-03,P0015,5663,0,test
2023-12-10,P0015,3893,0,test
2023-12-17,P0015,4977,0,test
2023-12-24,P0015,4785,0,test
2023-12-31,P0015,3674,0,test
2024-01-07,P0015,927,0,test
2022-01-02,P0016,1685,0,train
2022-01-09,P0016,4358,0,train
2022-01-16,P0016,4493,0,train
2022-01-23,P0016,3866,0,train
2022-01-30,P0016,3561,0,train
2022-02-06,P0016,4832,0,train
2022-02-13,P0016,4002,0,train
2022-02-20,P0016,5624,0,train
2022-02-27,P0016,4745,0,train
2022-03-06,P0016,4379,0,train
2022-03-13,P0016,4873,0,train
2022-03-20,P0016,5353,0,train
2022-03-27,P0016,4492,0,train
2022-04-03,P0016,4063,0,train
2022-04-10,P0016,4049,0,train
2022-04-17,P0016,5250,0,train
2022-04-24,P0016,3483,0,train
2022-05-01,P0016,4916,0,train
2022-05-08,P0016,5127,0,train
2022-05-15,P0016,4965,0,train
2022-05-22,P0016,4332,0,train
2022-05-29,P0016,4237,0,train
2022-06-05,P0016,4308,0,train
2022-06-12,P0016,5079,0,train
2022-06-19,P0016,5319,0,train
2022-06-26,P0016,6034,0,train
2022-07-03,P0016,5222,0,train
2022-07-10,P0016,5313,0,train
2022-07-17,P0016,5009,0,train
2022-07-24,P0016,6874,0,train
2022-07-31,P0016,5167,0,train
2022-08-07,P0016,5743,0,train
2022-08-14,P0016,4596,0,train
2022-08-21,P0016,4320,0,train
2022-08-28,P0016,5450,0,train
2022-09-04,P0016,3754,0,train
2022-09-11,P0016,5572,0,train
2022-09-18,P0016,6003,0,train
2022-09-25,P0016,4200,0,train
2022-10-02,P0016,5258,0,train
2022-10-09,P0016,3647,0,train
2022-10-16,P0016,4300,0,train
2022-10-23,P0016,5247,0,train
2022-10-30,P0016,4813,0,train
2022-11-06,P0016,5267,0,train
2022-11-13,P0016,5478,0,train
2022-11-20,P0016,6185,0,train
2022-11-27,P0016,5168,0,train
2022-12-04,P0016,4914,0,train
2022-12-11,P0016,5294,0,train
2022-12-18,P0016,4379,0,train
2022-12-25,P0016,4220,0,train
2023-01-01,P0016,4377,0,train
2023-01-08,P0016,4364,0,train
2023-01-15,P0016,3751,0,train
2023-01-22,P0016,5803,0,train
2023-01-29,P0016,5270,0,train
2023-02-05,P0016,4458,0,train
2023-02-12,P0016,5543,0,train
2023-02-19,P0016,5224,0,train
2023-02-26,P0016,4590,0,train
2023-03-05,P0016,4669,0,train
2023-03-12,P0016,5244,0,train
2023-03-19,P0016,4672,0,train
2023-03-26,P0016,5011,0,train
2023-04-02,P0016,5157,0,train
2023-04-09,P0016,6140,0,train
2023-04-16,P0016,4737,0,train
2023-04-23,P0016,4239,0,train
2023-04-30,P0016,4512,0,train
2023-05-07,P0016,5342,0,train
2023-05-14,P0016,4630,0,train
2023-05-21,P0016,4682,0,train
2023-05-28,P0016,4925,0,train
2023-06-04,P0016,3993,0,validation
2023-06-11,P0016,5013,0,validation
2023-06-18,P0016,4951,0,validation
2023-06-25,P0016,4525,0,validation
2023-07-02,P0016,4910,0,validation
2023-07-09,P0016,5031,0,validation
2023-07-16,P0016,5736,0,validation
2023-07-23,P0016,4407,0,validation
2023-07-30,P0016,4393,0,validation
2023-08-06,P0016,5779,0,validation
2023-08-13,P0016,4476,0,validation
2023-08-20,P0016,5025,0,validation
2023-08-27,P0016,5393,0,validation
2023-09-03,P0016,4191,0,validation
2023-09-10,P0016,5131,0,validation
2023-09-17,P0016,6327,0,validation
2023-09-24,P0016,3362,0,test
2023-10-01,P0016,4085,0,test
2023-10-08,P0016,3774,0,test
2023-10-15,P0016,4718,0,test
2023-10-22,P0016,5022,0,test
2023-10-29,P0016,5069,0,test
2023-11-05,P0016,6196,0,test
2023-11-12,P0016,4716,0,test
2023-11-19,P0016,4784,0,test
2023-11-26,P0016,5598,0,test
2023-12-03,P0016,4705,0,test
2023-12-10,P0016,5179,0,test
2023-12-17,P0016,5924,0,test
2023-12-24,P0016,4927,0,test
2023-12-31,P0016,4511,0,test
2024-01-07,P0016,463,0,test
2022-01-02,P0017,2212,0,train
2022-01-09,P0017,5195,0,train
2022-01-16,P0017,4404,0,train
2022-01-23,P0017,6075,0,train
2022-01-30,P0017,3962,0,train
2022-02-06,P0017,5054,0,train
2022-02-13,P0017,5039,0,train
2022-02-20,P0017,5474,0,train
2022-02-27,P0017,4795,0,train
2022-03-06,P0017,4640,0,train
2022-03-13,P0017,3625,0,train
2022-03-20,P0017,4985,0,train
2022-03-27,P0017,4979,0,train
2022-04-03,P0017,4609,0,train
2022-04-10,P0017,5168,0,train
2022-04-17,P0017,5913,0,train
2022-04-24,P0017,4891,0,train
2022-05-01,P0017,4756,0,train
2022-05-08,P0017,4257,0,train
2022-05-15,P0017,4446,0,train
2022-05-22,P0017,4848,0,train
2022-05-29,P0017,4692,0,train
2022-06-05,P0017,4651,0,train
2022-06-12,P0017,4837,0,train
2022-06-19,P0017,3927,0,train
2022-06-26,P0017,5520,0,train
2022-07-03,P0017,4400,0,train
2022-07-10,P0017,4535,0,train
2022-07-17,P0017,3790,0,train
2022-07-24,P0017,4586,0,train
2022-07-31,P0017,4487,0,train
2022-08-07,P0017,4489,0,train
2022-08-14,P0017,4327,0,train
2022-08-21,P0017,4067,0,train
2022-08-28,P0017,4399,0,train
2022-09-04,P0017,4334,0,train
2022-09-11,P0017,4653,0,train
2022-09-18,P0017,5015,0,train
2022-09-25,P0017,3548,0,train
2022-10-02,P0017,5388,0,train
2022-10-09,P0017,6469,0,train
2022-10-16,P0017,4314,0,train
2022-10-23,P0017,5371,0,train
2022-10-30,P0017,4608,0,train
2022-11-06,P0017,3785,0,train
2022-11-13,P0017,5000,0,train
2022-11-20,P0017,4286,0,train
2022-11-27,P0017,5188,0,train
2022-12-04,P0017,4474,0,train
2022-12-11,P0017,5961,0,train
2022-12-18,P0017,4209,0,train
2022-12-25,P0017,4683,0,train
2023-01-01,P0017,5305,0,train
2023-01-08,P0017,4743,0,train
2023-01-15,P0017,4230,0,train
2023-01-22,P0017,3790,0,train
2023-01-29,P0017,6250,0,train
2023-02-05,P0017,3710,0,train
2023-02-12,P0017,5296,0,train
2023-02-19,P0017,5102,0,train
2023-02-26,P0017,4540,0,train
2023-03-05,P0017,5438,0,train
2023-03-12,P0017,4323,0,train
2023-03-19,P0017,5088,0,train
2023-03-26,P0017,5630,0,train
2023-04-02,P0017,4763,0,train
2023-04-09,P0017,4033,0,train
2023-04-16,P0017,4018,0,train
2023-04-23,P0017,4412,0,train
2023-04-30,P0017,4903,0,train
2023-05-07,P0017,4115,0,train
2023-05-14,P0017,4473,0,train
2023-05-21,P0017,4737,0,train
2023-05-28,P0017,5005,0,train
2023-06-04,P0017,5069,0,validation
2023-06-11,P0017,4947,0,validation
2023-06-18,P0017,5040,0,validation
2023-06-25,P0017,4638,0,validation
2023-07-02,P0017,4841,0,validation
2023-07-09,P0017,5769,0,validation
2023-07-16,P0017,3013,0,validation
2023-07-23,P0017,4734,0,validation
2023-07-30,P0017,5945,0,validation
2023-08-06,P0017,6034,0,validation
2023-08-13,P0017,5065,0,validation
2023-08-20,P0017,5167,0,validation
2023-08-27,P0017,4405,0,validation
2023-09-03,P0017,4573,0,validation
2023-09-10,P0017,4034,0,validation
2023-09-17,P0017,3570,0,validation
2023-09-24,P0017,4507,0,test
2023-10-01,P0017,4295,0,test
2023-10-08,P0017,4595,0,test
2023-10-15,P0017,4462,0,test
2023-10-22,P0017,6812,0,test
2023-10-29,P0017,5512,0,test
2023-11-05,P0017,4554,0,test
2023-11-12,P0017,6607,0,test
2023-11-19,P0017,4613,0,test
2023-11-26,P0017,5686,0,test
2023-12-03,P0017,5726,0,test
2023-12-10,P0017,4742,0,test
2023-12-17,P0017,4680,0,test
2023-12-24,P0017,3886,0,test
2023-12-31,P0017,5453,0,test
2024-01-07,P0017,312,0,test
2022-01-02,P0018,881,0,train
2022-01-09,P0018,4688,0,train
2022-01-16,P0018,4436,0,train
2022-01-23,P0018,5118,0,train
2022-01-30,P0018,5396,0,train
2022-02-06,P0018,4995,0,train
2022-02-13,P0018,4471,0,train
2022-02-20,P0018,3986,0,train
2022-02-27,P0018,6424,0,train
2022-03-06,P0018,5149,0,train
2022-03-13,P0018,4206,0,train
2022-03-20,P0018,4472,0,train
2022-03-27,P0018,4142,0,train
2022-04-03,P0018,4668,0,train
2022-04-10,P0018,4534,0,train
2022-04-17,P0018,5472,0,train
2022-04-24,P0018,5307,0,train
2022-05-01,P0018,5550,0,train
2022-05-08,P0018,5020,0,train
2022-05-15,P0018,4707,0,train
2022-05-22,P0018,4803,0,train
2022-05-29,P0018,4601,0,train
2022-06-05,P0018,4093,0,train
2022-06-12,P0018,3506,0,train
2022-06-19,P0018,5803,0,train
2022-06-26,P0018,3757,0,train
2022-07-03,P0018,5458,0,train
2022-07-10,P0018,6359,0,train
2022-07-17,P0018,5052,0,train
2022-07-24,P0018,5064,0,train
2022-07-31,P0018,2409,0,train
2022-08-07,P0018,5177,0,train
2022-08-14,P0018,4121,0,train
2022-08-21,P0018,4165,0,train
2022-08-28,P0018,4211,0,train
2022-09-04,P0018,6615,0,train
2022-09-11,P0018,4438,0,train
2022-09-18,P0018,3562,0,train
2022-09-25,P0018,3758,0,train
2022-10-02,P0018,5020,0,train
2022-10-09,P0018,4844,0,train
2022-10-16,P0018,4535,0,train
2022-10-23,P0018,4493,0,train
2022-10-30,P0018,4815,0,train
2022-11-06,P0018,3451,0,train
2022-11-13,P0018,4284,0,train
2022-11-20,P0018,3903,0,train
2022-11-27,P0018,3553,0,train
2022-12-04,P0018,4295,0,train
2022-12-11,P0018,4136,0,train
2022-12-18,P0018,4668,0,train
2022-12-25,P0018,3938,0,train
2023-01-01,P0018,4553,0,train
2023-01-08,P0018,5257,0,train
2023-01-15,P0018,4785,0,train
2023-01-22,P0018,5545,0,train
2023-01-29,P0018,4886,0,train
2023-02-05,P0018,4673,0,train
2023-02-12,P0018,4081,0,train
2023-02-19,P0018,5469,0,train
2023-02-26,P0018,4906,0,train
2023-03-05,P0018,5082,0,train
2023-03-12,P0018,3939,0,train
2023-03-19,P0018,3777,0,train
2023-03-26,P0018,4363,0,train
2023-04-02,P0018,4742,0,train
2023-04-09,P0018,6385,0,train
2023-04-16,P0018,4741,0,train
2023-04-23,P0018,4482,0,train
2023-04-30,P0018,5463,0,train
2023-05-07,P0018,4751,0,train
2023-05-14,P0018,5744,0,train
2023-05-21,P0018,5465,0,train
2023-05-28,P0018,4185,0,train
2023-06-04,P0018,4255,0,validation
2023-06-11,P0018,4482,0,validation
2023-06-18,P0018,4816,0,validation
2023-06-25,P0018,4217,0,validation
2023-07-02,P0018,4836,0,validation
2023-07-09,P0018,5005,0,validation
2023-07-16,P0018,5181,0,validation
2023-07-23,P0018,4684,0,validation
2023-07-30,P0018,4640,0,validation
2023-08-06,P0018,5175,0,validation
2023-08-13,P0018,5043,0,validation
2023-08-20,P0018,4937,0,validation
2023-08-27,P0018,4838,0,validation
2023-09-03,P0018,4747,0,validation
2023-09-10,P0018,4439,0,validation
2023-09-17,P0018,4722,0,validation
2023-09-24,P0018,5496,0,test
2023-10-01,P0018,5640,0,test
2023-10-08,P0018,5727,0,test
2023-10-15,P0018,5347,0,test
2023-10-22,P0018,4510,0,test
2023-10-29,P0018,4986,0,test
2023-11-05,P0018,4455,0,test
2023-11-12,P0018,4695,0,test
2023-11-19,P0018,4968,0,test
2023-11-26,P0018,4831,0,test
2023-12-03,P0018,4466,0,test
2023-12-10,P0018,4410,0,test
2023-12-17,P0018,5146,0,test
2023-12-24,P0018,4311,0,test
2023-12-31,P0018,3448,0,test
2024-01-07,P0018,315,0,test
2022-01-02,P0019,1606,0,train
2022-01-09,P0019,4067,0,train
2022-01-16,P0019,5859,0,train
2022-01-23,P0019,4647,0,train
2022-01-30,P0019,4079,0,train
2022-02-06,P0019,3818,0,train
2022-02-13,P0019,5817,0,train
2022-02-20,P0019,4523,0,train
2022-02-27,P0019,5444,0,train
2022-03-06,P0019,4241,0,train
2022-03-13,P0019,4875,0,train
2022-03-20,P0019,4074,0,train
2022-03-27,P0019,4358,0,train
2022-04-03,P0019,4783,0,train
2022-04-10,P0019,4594,0,train
2022-04-17,P0019,4902,0,train
2022-04-24,P0019,6171,0,train
2022-05-01,P0019,4606,0,train
2022-05-08,P0019,4481,0,train
2022-05-15,P0019,4843,0,train
2022-05-22,P0019,4312,0,train
2022-05-29,P0019,5539,0,train
2022-06-05,P0019,4471,0,train
2022-06-12,P0019,4007,0,train
2022-06-19,P0019,4795,0,train
2022-06-26,P0019,5209,0,train
2022-07-03,P0019,4357,0,train
2022-07-10,P0019,3533,0,train
2022-07-17,P0019,5162,0,train
2022-07-24,P0019,5332,0,train
2022-07-31,P0019,4178,0,train
2022-08-07,P0019,4913,0,train
2022-08-14,P0019,4040,0,train
2022-08-21,P0019,4310,0,train
2022-08-28,P0019,4491,0,train
2022-09-04,P0019,4711,0,train
2022-09-11,P0019,5550,0,train
2022-09-18,P0019,4842,0,train
2022-09-25,P0019,5241,0,train
2022-10-02,P0019,6173,0,train
2022-10-09,P0019,4113,0,train
2022-10-16,P0019,4372,0,train
2022-10-23,P0019,5224,0,train
2022-10-30,P0019,4704,0,train
2022-11-06,P0019,4757,0,train
2022-11-13,P0019,4819,0,train
2022-11-20,P0019,5965,0,train
2022-11-27,P0019,6092,0,train
2022-12-04,P0019,4473,0,train
2022-12-11,P0019,4210,0,train
2022-12-18,P0019,4918,0,train
2022-12-25,P0019,5389,0,train
2023-01-01,P0019,3024,0,train
2023-01-08,P0019,4612,0,train
2023-01-15,P0019,4530,0,train
2023-01-22,P0019,4266,0,train
2023-01-29,P0019,4612,0,train
2023-02-05,P0019,5874,0,train
2023-02-12,P0019,4784,0,train
2023-02-19,P0019,4851,0,train
2023-02-26,P0019,5803,0,train
2023-03-05,P0019,4992,0,train
2023-03-12,P0019,4443,0,train
2023-03-19,P0019,3976,0,train
2023-03-26,P0019,4595,0,train
2023-04-02,P0019,4540,0,train
2023-04-09,P0019,4001,0,train
2023-04-16,P0019,4206,0,train
2023-04-23,P0019,4307,0,train
2023-04-30,P0019,5343,0,train
2023-05-07,P0019,4142,0,train
2023-05-14,P0019,6559,0,train
2023-05-21,P0019,6795,0,train
2023-05-28,P0019,4906,0,train
2023-06-04,P0019,4580,0,validation
2023-06-11,P0019,5035,0,validation
2023-06-18,P0019,4592,0,validation
2023-06-25,P0019,4380,0,validation
2023-07-02,P0019,4798,0,validation
2023-07-09,P0019,4587,0,validation
2023-07-16,P0019,3162,0,validation
2023-07-23,P0019,4740,0,validation
2023-07-30,P0019,3843,0,validation
2023-08-06,P0019,4596,0,validation
2023-08-13,P0019,4990,0,validation
2023-08-20,P0019,5349,0,validation
2023-08-27,P0019,5519,0,validation
2023-09-03,P0019,4838,0,validation
2023-09-10,P0019,4673,0,validation
2023-09-17,P0019,3680,0,validation
2023-09-24,P0019,4674,0,test
2023-10-01,P0019,6628,0,test
2023-10-08,P0019,4389,0,test
2023-10-15,P0019,5170,0,test
2023-10-22,P0019,5054,0,test
2023-10-29,P0019,3927,0,test
2023-11-05,P0019,5562,0,test
2023-11-12,P0019,4896,0,test
2023-11-19,P0019,4620,0,test
2023-11-26,P0019,4544,0,test
2023-12-03,P0019,4615,0,test
2023-12-10,P0019,4594,0,test
2023-12-17,P0019,4474,0,test
2023-12-24,P0019,4386,0,test
2023-12-31,P0019,4976,0,test
2024-01-07,P0019,877,0,test
2022-01-02,P0020,1258,0,train
2022-01-09,P0020,4149,0,train
2022-01-16,P0020,5935,0,train
2022-01-23,P0020,3724,0,train
2022-01-30,P0020,4785,0,train
2022-02-06,P0020,4337,0,train
2022-02-13,P0020,4101,0,train
2022-02-20,P0020,4228,0,train
2022-02-27,P0020,5020,0,train
2022-03-06,P0020,5871,0,train
2022-03-13,P0020,6766,0,train
2022-03-20,P0020,4859,0,train
2022-03-27,P0020,4901,0,train
2022-04-03,P0020,4733,0,train
2022-04-10,P0020,6039,0,train
2022-04-17,P0020,4969,0,train
2022-04-24,P0020,4587,0,train
2022-05-01,P0020,5213,0,train
2022-05-08,P0020,5203,0,train
2022-05-15,P0020,3942,0,train
2022-05-22,P0020,4651,0,train
2022-05-29,P0020,3564,0,train
2022-06-05,P0020,6111,0,train
2022-06-12,P0020,5152,0,train
2022-06-19,P0020,5271,0,train
2022-06-26,P0020,5256,0,train
2022-07-03,P0020,4408,0,train
2022-07-10,P0020,4939,0,train
2022-07-17,P0020,5676,0,train
2022-07-24,P0020,6082,0,train
2022-07-31,P0020,5334,0,train
2022-08-07,P0020,3598,0,train
2022-08-14,P0020,4402,0,train
2022-08-21,P0020,5173,0,train
2022-08-28,P0020,3506,0,train
2022-09-04,P0020,4078,0,train
2022-09-11,P0020,5689,0,train
2022-09-18,P0020,4069,0,train
2022-09-25,P0020,4632,0,train
2022-10-02,P0020,5037,0,train
2022-10-09,P0020,5223,0,train
2022-10-16,P0020,5804,0,train
2022-10-23,P0020,5142,0,train
2022-10-30,P0020,5583,0,train
2022-11-06,P0020,5361,0,train
2022-11-13,P0020,4916,0,train
2022-11-20,P0020,4421,0,train
2022-11-27,P0020,5327,0,train
2022-12-04,P0020,4598,0,train
2022-12-11,P0020,5382,0,train
2022-12-18,P0020,3675,0,train
2022-12-25,P0020,5191,0,train
2023-01-01,P0020,4496,0,train
2023-01-08,P0020,5362,0,train
2023-01-15,P0020,4814,0,train
2023-01-22,P0020,4811,0,train
2023-01-29,P0020,5026,0,train
2023-02-05,P0020,5321,0,train
2023-02-12,P0020,5218,0,train
2023-02-19,P0020,6168,0,train
2023-02-26,P0020,4471,0,train
2023-03-05,P0020,3794,0,train
2023-03-12,P0020,4487,0,train
2023-03-19,P0020,4395,0,train
2023-03-26,P0020,3761,0,train
2023-04-02,P0020,6464,0,train
2023-04-09,P0020,4283,0,train
2023-04-16,P0020,4713,0,train
2023-04-23,P0020,5292,0,train
2023-04-30,P0020,4834,0,train
2023-05-07,P0020,5109,0,train
2023-05-14,P0020,4866,0,train
2023-05-21,P0020,4056,0,train
2023-05-28,P0020,4024,0,train
2023-06-04,P0020,4716,0,validation
2023-06-11,P0020,3820,0,validation
2023-06-18,P0020,4713,0,validation
2023-06-25,P0020,5436,0,validation
2023-07-02,P0020,4984,0,validation
2023-07-09,P0020,4912,0,validation
2023-07-16,P0020,5513,0,validation
2023-07-23,P0020,5492,0,validation
2023-07-30,P0020,4329,0,validation
2023-08-06,P0020,4402,0,validation
2023-08-13,P0020,4406,0,validation
2023-08-20,P0020,4277,0,validation
2023-08-27,P0020,4114,0,validation
2023-09-03,P0020,4329,0,validation
2023-09-10,P0020,3814,0,validation
2023-09-17,P0020,5244,0,validation
2023-09-24,P0020,4846,0,test
2023-10-01,P0020,5460,0,test
2023-10-08,P0020,4911,0,test
2023-10-15,P0020,4255,0,test
2023-10-22,P0020,5300,0,test
2023-10-29,P0020,4436,0,test
2023-11-05,P0020,4380,0,test
2023-11-12,P0020,5535,0,test
2023-11-19,P0020,6085,0,test
2023-11-26,P0020,5234,0,test
2023-12-03,P0020,4159,0,test
2023-12-10,P0020,4727,0,test
2023-12-17,P0020,6085,0,test
2023-12-24,P0020,4830,0,test
2023-12-31,P0020,4525,0,test
2024-01-07,P0020,803,0,test
